{
  "Recessionary pressures": {
    "volume": 153,
    "centrality": 0.9053833605220228,
    "articles": [
      2,
      3,
      7,
      9,
      10,
      13,
      16,
      18,
      20,
      21,
      22,
      30,
      34,
      36,
      40,
      41,
      44,
      49,
      50,
      51,
      53,
      61,
      69,
      72,
      83,
      84,
      88,
      89,
      91,
      93,
      94,
      101,
      102,
      103,
      104,
      106,
      108,
      109,
      110,
      112,
      113,
      114,
      116,
      119,
      121,
      122,
      123,
      124,
      125,
      126,
      127,
      128,
      129,
      130,
      131,
      133,
      134,
      135,
      136,
      137,
      138,
      141,
      150,
      155,
      177,
      179,
      180,
      183,
      185,
      187,
      191,
      194,
      195,
      196,
      198,
      199,
      200,
      201,
      203,
      204,
      205,
      206,
      208,
      209,
      210,
      211,
      213,
      214,
      215,
      216,
      217,
      219,
      224,
      226,
      229,
      230,
      231,
      232,
      233,
      234,
      235,
      237,
      241,
      242,
      243,
      245,
      249,
      272,
      285,
      289,
      299,
      300,
      302,
      318,
      319,
      320,
      321,
      322,
      323,
      324,
      325,
      327,
      328,
      329,
      330,
      331,
      332,
      333,
      334,
      335,
      337,
      338,
      341,
      344,
      345,
      346,
      347,
      355,
      357,
      358,
      367,
      369,
      371,
      374,
      386,
      387,
      392,
      395,
      397,
      398,
      399,
      400,
      405
    ],
    "topic_affinity_pct": {
      "0": 0.7021276595744681,
      "1": 0.42857142857142855,
      "2": 0.4411764705882353,
      "3": 0.03225806451612903,
      "4": 0.8387096774193549,
      "5": 0.7,
      "6": 0.06666666666666667,
      "7": 0.37037037037037035,
      "8": 0.14814814814814814,
      "9": 0.08,
      "10": 0.4,
      "11": 0.43478260869565216,
      "12": 0.0,
      "13": 0.05,
      "14": 0.0
    }
  },
  "Inflation": {
    "volume": 187,
    "centrality": 1.0,
    "articles": [
      2,
      3,
      8,
      9,
      10,
      13,
      17,
      18,
      20,
      21,
      22,
      23,
      24,
      26,
      28,
      30,
      31,
      32,
      34,
      36,
      40,
      41,
      43,
      44,
      49,
      50,
      51,
      52,
      53,
      61,
      69,
      71,
      72,
      83,
      84,
      87,
      88,
      89,
      91,
      93,
      94,
      95,
      96,
      101,
      102,
      104,
      106,
      108,
      109,
      110,
      113,
      114,
      119,
      120,
      121,
      122,
      123,
      124,
      125,
      126,
      127,
      128,
      129,
      130,
      131,
      132,
      133,
      135,
      136,
      138,
      140,
      141,
      144,
      150,
      151,
      152,
      153,
      155,
      156,
      163,
      164,
      177,
      180,
      181,
      183,
      185,
      187,
      189,
      191,
      192,
      194,
      195,
      196,
      198,
      199,
      200,
      201,
      203,
      204,
      206,
      208,
      209,
      210,
      211,
      213,
      214,
      215,
      216,
      219,
      224,
      229,
      231,
      232,
      233,
      234,
      235,
      237,
      241,
      242,
      243,
      245,
      249,
      272,
      289,
      290,
      299,
      300,
      302,
      318,
      319,
      320,
      321,
      322,
      323,
      324,
      325,
      327,
      328,
      329,
      330,
      332,
      333,
      335,
      338,
      340,
      341,
      344,
      345,
      346,
      350,
      355,
      357,
      358,
      362,
      367,
      369,
      371,
      373,
      374,
      378,
      379,
      382,
      383,
      385,
      386,
      387,
      388,
      392,
      395,
      396,
      397,
      398,
      399,
      400,
      402,
      405,
      406,
      407,
      410,
      413,
      419,
      421,
      427,
      428,
      429,
      432,
      434
    ],
    "topic_affinity_pct": {
      "0": 0.7446808510638298,
      "1": 0.4523809523809524,
      "2": 0.47058823529411764,
      "3": 0.12903225806451613,
      "4": 0.8387096774193549,
      "5": 0.8,
      "6": 0.3333333333333333,
      "7": 0.5925925925925926,
      "8": 0.07407407407407407,
      "9": 0.12,
      "10": 0.4,
      "11": 0.5217391304347826,
      "12": 0.0,
      "13": 0.15,
      "14": 0.35
    }
  },
  "Private credit": {
    "volume": 130,
    "centrality": 0.8809135399673735,
    "articles": [
      3,
      7,
      8,
      9,
      26,
      34,
      36,
      41,
      44,
      49,
      61,
      88,
      89,
      94,
      101,
      104,
      106,
      107,
      108,
      109,
      110,
      112,
      114,
      119,
      123,
      129,
      130,
      131,
      134,
      135,
      138,
      140,
      141,
      142,
      146,
      148,
      149,
      151,
      152,
      154,
      155,
      156,
      164,
      178,
      179,
      180,
      181,
      182,
      185,
      186,
      187,
      188,
      189,
      191,
      194,
      195,
      198,
      203,
      204,
      207,
      210,
      211,
      215,
      219,
      229,
      230,
      233,
      235,
      237,
      240,
      243,
      245,
      248,
      290,
      295,
      321,
      327,
      328,
      330,
      331,
      332,
      333,
      334,
      335,
      337,
      338,
      339,
      340,
      343,
      344,
      345,
      346,
      347,
      348,
      349,
      350,
      351,
      352,
      353,
      354,
      355,
      356,
      357,
      362,
      365,
      366,
      367,
      369,
      371,
      376,
      383,
      385,
      387,
      389,
      392,
      393,
      395,
      396,
      400,
      404,
      405,
      406,
      407,
      409,
      410,
      412,
      415,
      418,
      427,
      432
    ],
    "topic_affinity_pct": {
      "0": 0.46808510638297873,
      "1": 0.7619047619047619,
      "2": 0.08823529411764706,
      "3": 0.0,
      "4": 0.5161290322580645,
      "5": 0.13333333333333333,
      "6": 0.3,
      "7": 0.7777777777777778,
      "8": 0.0,
      "9": 0.12,
      "10": 0.36,
      "11": 0.2608695652173913,
      "12": 0.043478260869565216,
      "13": 0.05,
      "14": 0.15
    }
  },
  "AI": {
    "volume": 55,
    "centrality": 0.19412724306688417,
    "articles": [
      260,
      261,
      262,
      263,
      264,
      268,
      276,
      21,
      278,
      279,
      280,
      413,
      29,
      30,
      159,
      285,
      33,
      162,
      286,
      164,
      287,
      291,
      294,
      295,
      169,
      170,
      298,
      173,
      174,
      178,
      179,
      52,
      56,
      185,
      67,
      195,
      200,
      83,
      84,
      89,
      217,
      91,
      94,
      223,
      351,
      101,
      107,
      113,
      241,
      115,
      369,
      118,
      119,
      249,
      251
    ],
    "topic_affinity_pct": {
      "0": 0.0851063829787234,
      "1": 0.023809523809523808,
      "2": 0.0,
      "3": 0.03225806451612903,
      "4": 0.0,
      "5": 0.06666666666666667,
      "6": 0.03333333333333333,
      "7": 0.0,
      "8": 0.8888888888888888,
      "9": 0.24,
      "10": 0.4,
      "11": 0.08695652173913043,
      "12": 0.17391304347826086,
      "13": 0.0,
      "14": 0.0
    }
  },
  "Cyber attacks": {
    "volume": 57,
    "centrality": 0.1631321370309951,