{
  "Recessionary pressures": {
    "volume": 153,
    "centrality": 0.8967213114754098,
    "articles": [
      0,
      5,
      6,
      10,
      13,
      16,
      18,
      20,
      21,
      22,
      30,
      34,
      36,
      40,
      41,
      44,
      49,
      50,
      51,
      53,
      61,
      65,
      73,
      76,
      83,
      84,
      88,
      89,
      92,
      94,
      95,
      102,
      103,
      104,
      105,
      107,
      109,
      110,
      111,
      112,
      115,
      116,
      122,
      123,
      124,
      125,
      126,
      127,
      128,
      129,
      130,
      131,
      132,
      134,
      135,
      136,
      137,
      138,
      140,
      143,
      152,
      157,
      178,
      180,
      181,
      184,
      186,
      188,
      192,
      195,
      196,
      197,
      199,
      200,
      201,
      202,
      204,
      205,
      206,
      207,
      209,
      210,
      211,
      212,
      214,
      215,
      216,
      219,
      220,
      221,
      223,
      228,
      230,
      233,
      234,
      235,
      236,
      237,
      239,
      243,
      244,
      245,
      247,
      251,
      274,
      282,
      288,
      292,
      301,
      302,
      304,
      320,
      321,
      322,
      323,
      324,
      325,
      326,
      327,
      329,
      330,
      331,
      332,
      333,
      334,
      335,
      336,
      337,
      339,
      340,
      343,
      346,
      347,
      348,
      349,
      350,
      358,
      359,
      361,
      365,
      366,
      372,
      383,
      385,
      386,
      391,
      393,
      394,
      396,
      397,
      398,
      399,
      404
    ],
    "topic_affinity_pct": {
      "0": 0.7111111111111111,
      "1": 0.5,
      "2": 0.43243243243243246,
      "3": 0.2727272727272727,
      "4": 0.1,
      "5": 0.16666666666666666,
      "6": 0.8275862068965517,
      "7": 0.1724137931034483,
      "8": 0.6428571428571429,
      "9": 0.07407407407407407,
      "10": 0.37037037037037035,
      "11": 0.0,
      "12": 0.47368421052631576,
      "13": 0.0,
      "14": 0.058823529411764705
    }
  },
  "Inflation": {
    "volume": 190,
    "centrality": 1.0,
    "articles": [
      3,
      5,
      6,
      7,
      10,
      13,
      17,
      18,
      20,
      21,
      22,
      23,
      24,
      26,
      28,
      30,
      31,
      32,
      34,
      36,
      40,
      41,
      43,
      44,
      49,
      50,
      51,
      52,
      53,
      61,
      65,
      73,
      75,
      76,
      83,
      84,
      87,
      88,
      89,
      92,
      94,
      95,
      96,
      97,
      102,
      103,
      105,
      107,
      109,
      110,
      111,
      112,
      114,
      115,
      116,
      121,
      122,
      123,
      124,
      125,
      126,
      127,
      128,
      129,
      130,
      131,
      132,
      133,
      134,
      136,
      137,
      140,
      142,
      143,
      146,
      152,
      153,
      154,
      155,
      157,
      170,
      171,
      178,
      181,
      182,
      184,
      186,
      188,
      190,
      192,
      193,
      195,
      196,
      197,
      199,
      200,
      201,
      202,
      204,
      205,
      207,
      209,
      210,
      211,
      212,
      214,
      215,
      216,
      219,
      220,
      223,
      228,
      233,
      235,
      236,
      237,
      239,
      243,
      244,
      245,
      247,
      251,
      274,
      282,
      292,
      293,
      301,
      302,
      304,
      320,
      321,
      322,
      323,
      324,
      325,
      326,
      327,
      329,
      330,
      331,
      332,
      334,
      335,
      337,
      340,
      342,
      343,
      346,
      347,
      348,
      349,
      353,
      358,
      359,
      360,
      361,
      365,
      366,
      370,
      372,
      377,
      378,
      381,
      382,
      383,
      384,
      385,
      386,
      387,
      391,
      393,
      394,
      395,
      396,
      397,
      398,
      399,
      401,
      404,
      405,
      406,
      409,
      412,
      417,
      419,
      425,
      426,
      427,
      430,
      432
    ],
    "topic_affinity_pct": {
      "0": 0.7555555555555555,
      "1": 0.5789473684210527,
      "2": 0.43243243243243246,
      "3": 0.5757575757575758,
      "4": 0.1,
      "5": 0.4666666666666667,
      "6": 0.8275862068965517,
      "7": 0.1724137931034483,
      "8": 0.7142857142857143,
      "9": 0.07407407407407407,
      "10": 0.48148148148148145,
      "11": 0.0,
      "12": 0.5263157894736842,
      "13": 0.3684210526315789,
      "14": 0.058823529411764705
    }
  },
  "Private credit": {
    "volume": 127,
    "centrality": 0.8590163934426229,
    "articles": [
      3,
      5,
      6,
      26,
      34,
      36,
      41,
      44,
      49,
      61,
      88,
      89,
      95,
      102,
      105,
      107,
      108,
      109,
      110,
      111,
      112,
      116,
      119,
      124,
      130,
      131,
      132,
      135,
      136,
      139,
      140,
      142,
      143,
      144,
      148,
      150,
      151,
      153,
      154,
      156,
      157,
      162,
      171,
      179,
      180,
      181,
      182,
      183,
      186,
      187,
      188,
      189,
      190,
      192,
      195,
      196,
      199,
      204,
      205,
      208,
      211,
      212,
      216,
      223,
      233,
      234,
      237,
      239,
      242,
      245,
      247,
      250,
      293,
      298,
      323,
      329,
      330,
      332,
      333,
      334,
      335,
      336,
      337,
      339,
      340,
      341,
      342,
      345,
      346,
      347,
      348,
      350,
      351,
      352,
      353,
      354,
      355,
      356,
      357,
      358,
      359,
      360,
      361,
      363,
      365,
      370,
      375,
      382,
      384,
      386,
      388,
      391,
      392,
      394,
      395,
      399,
      403,
      404,
      405,
      406,
      408,
      409,
      411,
      413,
      416,
      425,
      430
    ],
    "topic_affinity_pct": {
      "0": 0.35555555555555557,
      "1": 0.23684210526315788,
      "2": 0.7567567567567568,
      "3": 0.7575757575757576,
      "4": 0.0,
      "5": 0.2,
      "6": 0.4482758620689655,
      "7": 0.06896551724137931,
      "8": 0.17857142857142858,
      "9": 0.07407407407407407,
      "10": 0.48148148148148145,
      "11": 0.04,
      "12": 0.21052631578947367,
      "13": 0.15789473684210525,
      "14": 0.0
    }
  },
  "AI": {
    "volume": 54,
    "centrality": 0.17704918032786884,
    "articles": [
      262,
      263,
      264,
      265,
      266,
      270,
      21,
      278,
      280,
      281,
      282,
      283,
      412,
      29,
      158,
      159,
      30,
      33,
      288,
      163,
      289,
      290,
      166,
      294,
      169,
      297,
      171,
      298,
      176,
      177,
      179,
      52,
      180,
      56,
      186,
      196,
      71,
      201,
      83,
      84,
      89,
      218,
      92,
      221,
      349,
      95,
      354,
      227,
      102,
      108,
      113,
      243,
      251,
      253
    ],
    "topic_affinity_pct": {
      "0": 0.06666666666666667,
      "1": 0.0,
      "2": 0.02702702702702703,
      "3": 0.0,
      "4": 0.6333333333333333,
      "5": 0.03333333333333333,
      "6": 0.0,
      "7": 0.3793103448275862,
      "8": 0.0,
      "9": 0.037037037037037035,
      "10": 0.48148148148148145,
      "11": 0.2,
      "12": 0.0,
      "13": 0.0,
      "14": 0.0
    }
  },
  "Cyber attacks": {
    "volume": 56,
    "centrality": 0.15901639344262294,