{
  "Recessionary pressures": {
    "volume": 9,
    "centrality": 0.3333333333333333,
    "articles": [
      325,
      10,
      331,
      335,
      179,
      244,
      216,
      252,
      223
    ],
    "topic_affinity_pct": {
      "0": 0.0,
      "1": 0.0,
      "2": 0.05555555555555555,
      "3": 0.0,
      "4": 0.0,
      "5": 0.0,
      "6": 0.16666666666666666,
      "7": 0.03571428571428571,
      "8": 0.0,
      "9": 0.0,
      "10": 0.0,
      "11": 0.045454545454545456,
      "12": 0.0,
      "13": 0.0,
      "14": 0.0
    }
  },
  "Inflation": {
    "volume": 12,
    "centrality": 0.4666666666666667,
    "articles": [
      322,
      131,
      387,
      325,
      326,
      40,
      331,
      332,
      398,
      335,
      49,
      179
    ],
    "topic_affinity_pct": {
      "0": 0.025,
      "1": 0.0,
      "2": 0.027777777777777776,
      "3": 0.05714285714285714,
      "4": 0.0,
      "5": 0.0,
      "6": 0.16666666666666666,
      "7": 0.03571428571428571,
      "8": 0.0,
      "9": 0.0,
      "10": 0.0,
      "11": 0.09090909090909091,
      "12": 0.0,
      "13": 0.0,
      "14": 0.0
    }
  },
  "Private credit": {
    "volume": 11,
    "centrality": 1.0,
    "articles": [
      352,
      193,
      357,
      393,
      333,
      334,
      336,
      338,
      181,
      347,
      351
    ],
    "topic_affinity_pct": {
      "0": 0.025,
      "1": 0.0,
      "2": 0.0,
      "3": 0.0,
      "4": 0.14705882352941177,
      "5": 0.0,
      "6": 0.0,
      "7": 0.0,
      "8": 0.0,
      "9": 0.2,
      "10": 0.0,
      "11": 0.0,
      "12": 0.0,
      "13": 0.0,
      "14": 0.0
    }
  },
  "AI": {
    "volume": 8,
    "centrality": 0.0,
    "articles": [
      289,
      263,
      264,
      202,
      108,
      177,
      84,
      218
    ],
    "topic_affinity_pct": {
      "0": 0.0,
      "1": 0.13513513513513514,
      "2": 0.0,
      "3": 0.0,
      "4": 0.0,
      "5": 0.058823529411764705,
      "6": 0.0,
      "7": 0.0,
      "8": 0.037037037037037035,
      "9": 0.0,
      "10": 0.0,
      "11": 0.0,
      "12": 0.0,
      "13": 0.0,
      "14": 0.0
    }
  },
  "Cyber attacks": {
    "volume": 1,
    "centrality": 0.0,
    "articles": [
      274
    ],
    "topic_affinity_pct": {
      "0": 0.0,
      "1": 0.0,
      "2": 0.0,
      "3": 0.0,
      "4": 0.0,
      "5": 0.029411764705882353,
      "6": 0.0,
      "7": 0.0,
      "8": 0.0,
      "9": 0.0,
      "10": 0.0,
      "11": 0.0,
      "12": 0.0,
      "13": 0.0,
      "14": 0.0
    }
  },
  "Commercial real estate": {
    "volume": 5,
    "centrality": 0.26666666666666666,
    "articles": [
      193,
      3,
      9,
      107,
      206
    ],
    "topic_affinity_pct": {
      "0": 0.0,
      "1": 0.0,
      "2": 0.027777777777777776,
      "3": 0.0,
      "4": 0.0,
      "5": 0.0,
      "6": 0.0,
      "7": 0.0,
      "8": 0.0,
      "9": 0.04,
      "10": 0.0,
      "11": 0.13636363636363635,
      "12": 0.0,
      "13": 0.0,
      "14": 0.0
    }
  },
  "Consumer debt": {
    "volume": 4,
    "centrality": 0.26666666666666666,
    "articles": [
      352,
      9,
      3,
      110
    ],
    "topic_affinity_pct": {
      "0": 0.0,
      "1": 0.0,
      "2": 0.0,
      "3": 0.0,
      "4": 0.0,
      "5": 0.0,
      "6": 0.0,
      "7": 0.0,
      "8": 0.0,
      "9": 0.04,
      "10": 0.0,
      "11": 0.13636363636363635,
      "12": 0.0,
      "13": 0.0,
      "14": 0.0
    }
  },
  "Bank lending and credit risk": {
    "volume": 15,
    "centrality": 0.9333333333333333,
    "articles": [
      352,
      193,
      357,
      333,
      334,
      336,
      337,
      338,
      212,
      149,
      181,
      347,
      348,
      190,
      351
    ],
    "topic_affinity_pct": {
      "0": 0.0,
      "1": 0.0,
      "2": 0.0,
      "3": 0.0,
      "4": 0.23529411764705882,
      "5": 0.0,
      "6": 0.0,
      "7": 0.0,
      "8": 0.0,
      "9": 0.24,
      "10": 0.0,
      "11": 0.0,
      "12": 0.045454545454545456,
      "13": 0.0,
      "14": 0.0
    }
  },
  "Digital assets": {
    "volume": 19,
    "centrality": 0.6,
    "articles": [
      131,
      387,
      392,
      393,
      407,
      417,
      294,
      191,
      330,
      333,
      334,
      335,
      343,
      346,
      349,
      362,
      364,
      369,
      383
    ],
    "topic_affinity_pct": {
      "0": 0.15,
      "1": 0.0,
      "2": 0.0,
      "3": 0.08571428571428572,
      "4": 0.058823529411764705,
      "5": 0.0,
      "6": 0.06666666666666667,
      "7": 0.0,
      "8": 0.0,
      "9": 0.24,
      "10": 0.0,
      "11": 0.0,
      "12": 0.0,
      "13": 0.0,
      "14": 0.0
    }
  },
  "Others": {
    "volume": 374,
    "centrality": 0.0,