{
  "Recessionary pressures": {
    "volume": 163,
    "centrality": 0.913235294117647,
    "articles": [
      1,
      2,
      5,
      8,
      9,
      10,
      13,
      16,
      18,
      20,
      21,
      22,
      29,
      30,
      32,
      36,
      37,
      40,
      49,
      50,
      51,
      53,
      61,
      68,
      76,
      83,
      84,
      88,
      91,
      92,
      94,
      96,
      97,
      104,
      105,
      106,
      107,
      109,
      111,
      112,
      113,
      122,
      123,
      124,
      125,
      126,
      127,
      128,
      129,
      130,
      131,
      132,
      133,
      134,
      136,
      137,
      138,
      139,
      140,
      141,
      144,
      153,
      158,
      162,
      165,
      170,
      182,
      183,
      187,
      190,
      191,
      192,
      193,
      194,
      199,
      200,
      201,
      202,
      204,
      205,
      206,
      207,
      209,
      210,
      211,
      212,
      214,
      215,
      216,
      217,
      218,
      219,
      221,
      224,
      225,
      226,
      227,
      228,
      229,
      230,
      233,
      234,
      236,
      237,
      239,
      243,
      245,
      246,
      248,
      252,
      254,
      275,
      290,
      294,
      304,
      305,
      307,
      322,
      323,
      324,
      325,
      326,
      327,
      328,
      329,
      332,
      333,
      334,
      335,
      336,
      337,
      338,
      339,
      340,
      342,
      343,
      346,
      349,
      350,
      351,
      357,
      360,
      361,
      362,
      367,
      369,
      371,
      372,
      373,
      375,
      394,
      397,
      404,
      405,
      406,
      408,
      410,
      411,
      412,
      416,
      417,
      418,
      419
    ],
    "topic_affinity_pct": {
      "0": 0.0,
      "1": 0.08333333333333333,
      "2": 0.8055555555555556,
      "3": 0.34285714285714286,
      "4": 0.625,
      "5": 0.2,
      "6": 0.23333333333333334,
      "7": 0.20689655172413793,
      "8": 0.5517241379310345,
      "9": 0.7586206896551724,
      "10": 0.4230769230769231,
      "11": 0.8461538461538461,
      "12": 0.0,
      "13": 0.047619047619047616,
      "14": 0.4
    }
  },
  "Inflation": {
    "volume": 197,
    "centrality": 1.0,
    "articles": [
      1,
      2,
      3,
      5,
      6,
      8,
      10,
      13,
      17,
      18,
      20,
      21,
      22,
      23,
      24,
      27,
      29,
      30,
      31,
      32,
      36,
      37,
      39,
      40,
      49,
      50,
      51,
      52,
      53,
      61,
      68,
      76,
      82,
      84,
      88,
      92,
      94,
      96,
      97,
      98,
      99,
      104,
      105,
      107,
      109,
      111,
      112,
      113,
      121,
      122,
      123,
      124,
      125,
      126,
      127,
      128,
      129,
      130,
      131,
      132,
      133,
      134,
      135,
      136,
      138,
      139,
      141,
      143,
      144,
      147,
      153,
      154,
      155,
      156,
      158,
      159,
      162,
      165,
      170,
      182,
      183,
      185,
      187,
      188,
      190,
      191,
      192,
      193,
      194,
      198,
      199,
      200,
      201,
      202,
      204,
      205,
      207,
      209,
      210,
      211,
      212,
      214,
      215,
      216,
      217,
      218,
      219,
      224,
      226,
      227,
      228,
      229,
      230,
      233,
      234,
      236,
      237,
      239,
      243,
      244,
      245,
      246,
      248,
      252,
      253,
      254,
      275,
      294,
      295,
      304,
      305,
      307,
      322,
      323,
      324,
      325,
      326,
      327,
      328,
      329,
      331,
      332,
      333,
      334,
      335,
      337,
      338,
      340,
      343,
      345,
      346,
      349,
      350,
      351,
      352,
      357,
      360,
      362,
      363,
      367,
      369,
      371,
      372,
      373,
      375,
      378,
      383,
      384,
      387,
      388,
      390,
      394,
      397,
      402,
      403,
      404,
      405,
      406,
      408,
      410,
      411,
      412,
      413,
      415,
      416,
      417,
      418,
      419,
      420,
      422,
      428,
      429,
      430,
      433,
      435,
      438,
      439
    ],
    "topic_affinity_pct": {
      "0": 0.0,
      "1": 0.2777777777777778,
      "2": 0.8333333333333334,
      "3": 0.42857142857142855,
      "4": 0.625,
      "5": 0.5,
      "6": 0.23333333333333334,
      "7": 0.20689655172413793,
      "8": 0.5517241379310345,
      "9": 0.8620689655172413,
      "10": 0.4230769230769231,
      "11": 0.8461538461538461,
      "12": 0.42857142857142855,
      "13": 0.14285714285714285,
      "14": 0.4
    }
  },
  "Private credit": {
    "volume": 139,
    "centrality": 0.8823529411764706,
    "articles": [
      1,
      5,
      8,
      27,
      30,
      32,
      37,
      40,
      49,
      61,
      76,
      83,
      88,
      91,
      97,
      104,
      107,
      109,
      110,
      111,
      112,
      113,
      121,
      123,
      130,
      132,
      133,
      134,
      137,
      138,
      141,
      143,
      144,
      145,
      149,
      151,
      152,
      154,
      155,
      157,
      158,
      159,
      162,
      165,
      170,
      181,
      182,
      183,
      184,
      185,
      187,
      190,
      191,
      192,
      193,
      194,
      196,
      198,
      199,
      204,
      205,
      208,
      211,
      212,
      216,
      217,
      224,
      225,
      228,
      229,
      233,
      234,
      236,
      237,
      239,
      242,
      246,
      248,
      251,
      295,
      300,
      325,
      331,
      332,
      333,
      335,
      336,
      337,
      338,
      339,
      340,
      342,
      343,
      344,
      345,
      348,
      349,
      350,
      351,
      352,
      353,
      354,
      355,
      356,
      357,
      358,
      359,
      360,
      361,
      362,
      363,
      364,
      365,
      366,
      367,
      369,
      371,
      373,
      378,
      379,
      381,
      388,
      391,
      394,
      395,
      397,
      399,
      401,
      402,
      403,
      405,
      406,
      408,
      411,
      412,
      416,
      419,
      428,
      433
    ],
    "topic_affinity_pct": {
      "0": 0.05,
      "1": 0.05555555555555555,
      "2": 0.3611111111111111,
      "3": 0.7142857142857143,
      "4": 0.34375,
      "5": 0.7666666666666667,
      "6": 0.13333333333333333,
      "7": 0.1724137931034483,
      "8": 0.1724137931034483,
      "9": 0.13793103448275862,
      "10": 0.46153846153846156,
      "11": 0.7692307692307693,
      "12": 0.14285714285714285,
      "13": 0.047619047619047616,
      "14": 0.45
    }
  },
  "AI": {
    "volume": 51,
    "centrality": 0.13970588235294118,
    "articles": [
      256,
      2,
      265,
      266,
      267,
      398,
      271,
      21,
      279,
      407,
      281,
      282,
      283,
      284,
      29,
      285,
      409,
      413,
      161,
      290,
      291,
      292,
      414,
      296,
      169,
      171,
      299,
      300,
      174,
      303,
      52,
      436,
      438,
      183,
      56,
      439,
      191,
      201,
      74,
      88,
      94,
      97,
      353,
      104,
      364,
      110,
      243,
      374,
      377,
      379,
      252
    ],
    "topic_affinity_pct": {
      "0": 0.35,
      "1": 0.16666666666666666,
      "2": 0.0,
      "3": 0.0,
      "4": 0.0,
      "5": 0.1,
      "6": 0.5,
      "7": 0.10344827586206896,
      "8": 0.06896551724137931,
      "9": 0.06896551724137931,
      "10": 0.0,
      "11": 0.0,