{
  "Recessionary pressures": {
    "volume": 167,
    "centrality": 0.9138686131386862,
    "articles": [
      2,
      3,
      4,
      5,
      8,
      9,
      10,
      13,
      16,
      18,
      20,
      21,
      22,
      26,
      27,
      30,
      32,
      35,
      49,
      50,
      51,
      53,
      61,
      67,
      69,
      75,
      83,
      84,
      92,
      94,
      96,
      97,
      104,
      105,
      106,
      107,
      109,
      111,
      112,
      113,
      115,
      119,
      123,
      124,
      125,
      126,
      127,
      128,
      129,
      130,
      131,
      132,
      133,
      134,
      136,
      137,
      138,
      139,
      140,
      141,
      144,
      153,
      158,
      162,
      165,
      170,
      182,
      183,
      187,
      190,
      191,
      192,
      193,
      194,
      199,
      200,
      201,
      202,
      204,
      205,
      206,
      207,
      209,
      210,
      211,
      212,
      214,
      215,
      216,
      217,
      218,
      219,
      221,
      224,
      225,
      226,
      227,
      228,
      229,
      230,
      233,
      234,
      236,
      237,
      239,
      243,
      245,
      247,
      249,
      253,
      255,
      277,
      292,
      296,
      306,
      307,
      309,
      324,
      325,
      326,
      327,
      328,
      329,
      330,
      331,
      334,
      335,
      336,
      337,
      338,
      339,
      340,
      341,
      342,
      344,
      345,
      348,
      351,
      352,
      353,
      359,
      362,
      363,
      368,
      370,
      372,
      373,
      374,
      376,
      394,
      397,
      400,
      401,
      402,
      403,
      404,
      406,
      408,
      409,
      410,
      414,
      415,
      416,
      417,
      418,
      420,
      421
    ],
    "topic_affinity_pct": {
      "0": 0.3902439024390244,
      "1": 0.8108108108108109,
      "2": 0.4,
      "3": 0.5588235294117647,
      "4": 0.3939393939393939,
      "5": 0.65625,
      "6": 0.1875,
      "7": 0.03571428571428571,
      "8": 0.7142857142857143,
      "9": 0.14814814814814814,
      "10": 0.038461538461538464,
      "11": 0.04,
      "12": 0.0,
      "13": 0.047619047619047616,
      "14": 0.9523809523809523
    }
  },
  "Inflation": {
    "volume": 199,
    "centrality": 1.0,
    "articles": [
      0,
      2,
      3,
      4,
      7,
      9,
      10,
      13,
      17,
      18,
      20,
      21,
      22,
      23,
      24,
      26,
      27,
      30,
      32,
      34,
      35,
      49,
      50,
      51,
      52,
      53,
      61,
      67,
      69,
      75,
      82,
      84,
      92,
      94,
      96,
      97,
      98,
      99,
      104,
      105,
      107,
      109,
      111,
      112,
      113,
      115,
      118,
      119,
      120,
      123,
      124,
      125,
      126,
      127,
      128,
      129,
      130,
      131,
      132,
      133,
      134,
      135,
      136,
      138,
      139,
      141,
      143,
      144,
      147,
      153,
      154,
      155,
      156,
      158,
      159,
      162,
      165,
      170,
      182,
      183,
      185,
      187,
      188,
      190,
      191,
      192,
      193,
      194,
      198,
      199,
      200,
      201,
      202,
      204,
      205,
      207,
      209,
      210,
      211,
      212,
      214,
      215,
      216,
      217,
      218,
      219,
      224,
      226,
      227,
      228,
      229,
      230,
      233,
      234,
      236,
      237,
      239,
      243,
      244,
      245,
      247,
      249,
      253,
      254,
      255,
      277,
      296,
      297,
      306,
      307,
      309,
      324,
      325,
      326,
      327,
      328,
      329,
      330,
      331,
      333,
      334,
      335,
      336,
      337,
      339,
      340,
      342,
      345,
      347,
      348,
      351,
      352,
      353,
      354,
      359,
      362,
      364,
      368,
      370,
      372,
      373,
      374,
      376,
      379,
      381,
      385,
      386,
      389,
      390,
      394,
      397,
      400,
      401,
      402,
      403,
      404,
      406,
      408,
      409,
      410,
      411,
      413,
      414,
      415,
      416,
      417,
      418,
      419,
      420,
      421,
      422,
      424,
      430,
      431,
      432,
      435,
      437,
      440,
      441
    ],
    "topic_affinity_pct": {
      "0": 0.5853658536585366,
      "1": 0.8918918918918919,
      "2": 0.4,
      "3": 0.5882352941176471,
      "4": 0.42424242424242425,
      "5": 0.75,
      "6": 0.21875,
      "7": 0.03571428571428571,
      "8": 0.75,
      "9": 0.14814814814814814,
      "10": 0.15384615384615385,
      "11": 0.12,
      "12": 0.4090909090909091,
      "13": 0.047619047619047616,
      "14": 0.9523809523809523
    }
  },
  "Private credit": {
    "volume": 136,
    "centrality": 0.8656934306569343,
    "articles": [
      2,
      3,
      7,
      26,
      27,
      32,
      35,
      49,
      61,
      69,
      83,
      91,
      97,
      104,
      107,
      109,
      110,
      111,
      112,
      113,
      118,
      123,
      130,
      132,
      133,
      134,
      137,
      138,
      141,
      143,
      144,
      145,
      149,
      151,
      152,
      154,
      155,
      157,
      158,
      159,
      162,
      165,
      170,
      181,
      182,
      183,
      184,
      185,
      187,
      190,
      191,
      192,
      193,
      194,
      196,
      198,
      199,
      204,
      205,
      208,
      211,
      212,
      216,
      217,
      224,
      225,
      228,
      229,
      233,
      234,
      236,
      237,
      239,
      242,
      247,
      249,
      252,
      297,
      302,
      327,
      333,
      334,
      335,
      337,
      338,
      339,
      340,
      341,
      342,
      344,
      345,
      346,
      347,
      350,
      351,
      352,
      353,
      354,
      355,
      356,
      357,
      358,
      359,
      360,
      361,
      362,
      363,
      364,
      365,
      366,
      367,
      368,
      370,
      372,
      374,
      379,
      380,
      381,
      383,
      390,
      394,
      395,
      397,
      399,
      400,
      401,
      403,
      404,
      406,
      409,
      410,
      414,
      417,
      421,
      430,
      435
    ],
    "topic_affinity_pct": {
      "0": 0.5365853658536586,
      "1": 0.24324324324324326,
      "2": 0.11428571428571428,
      "3": 0.23529411764705882,
      "4": 0.7878787878787878,
      "5": 0.8125,
      "6": 0.15625,
      "7": 0.0,
      "8": 0.25,
      "9": 0.037037037037037035,
      "10": 0.038461538461538464,
      "11": 0.12,
      "12": 0.18181818181818182,
      "13": 0.09523809523809523,
      "14": 0.8571428571428571
    }
  },
  "AI": {
    "volume": 55,
    "centrality": 0.13284671532846715,
    "articles": [
      258,
      4,
      6,
      267,
      268,
      269,
      398,
      273,
      21,
      405,
      407,
      281,
      283,
      284,
      285,
      286,
      31,
      160,
      287,
      411,
      412,
      292,
      293,
      294,
      41,
      169,
      171,
      298,
      301,
      174,
      302,
      305,
      52,
      438,
      183,
      56,
      440,
      441,
      191,
      201,
      88,
      94,
      97,
      355,
      104,
      365,
      110,
      114,
      243,
      381,
      375,
      121,
      378,
      380,
      253
    ],
    "topic_affinity_pct": {
      "0": 0.24390243902439024,
      "1": 0.05405405405405406,
      "2": 0.0,
      "3": 0.058823529411764705,
      "4": 0.0,
      "5": 0.03125,
      "6": 0.03125,
      "7": 0.21428571428571427,
      "8": 0.0,