{
  "Recessionary pressures": {
    "volume": 150,
    "centrality": 0.8973941368078175,
    "articles": [
      3,
      5,
      8,
      10,
      13,
      16,
      18,
      20,
      21,
      22,
      28,
      29,
      34,
      38,
      39,
      42,
      49,
      50,
      51,
      53,
      61,
      63,
      66,
      78,
      83,
      87,
      90,
      93,
      95,
      96,
      103,
      104,
      105,
      106,
      108,
      110,
      111,
      112,
      113,
      115,
      118,
      119,
      121,
      124,
      125,
      126,
      127,
      128,
      129,
      130,
      131,
      132,
      133,
      134,
      136,
      137,
      138,
      139,
      140,
      141,
      144,
      153,
      158,
      180,
      182,
      183,
      186,
      188,
      190,
      194,
      197,
      198,
      200,
      201,
      202,
      203,
      205,
      206,
      207,
      208,
      210,
      211,
      212,
      213,
      215,
      216,
      217,
      218,
      219,
      224,
      226,
      229,
      230,
      231,
      232,
      233,
      234,
      235,
      237,
      239,
      243,
      244,
      246,
      250,
      272,
      286,
      290,
      300,
      301,
      303,
      318,
      319,
      320,
      321,
      322,
      323,
      324,
      325,
      328,
      329,
      330,
      331,
      332,
      333,
      334,
      335,
      336,
      338,
      339,
      342,
      345,
      346,
      347,
      348,
      356,
      361,
      363,
      364,
      367,
      368,
      369,
      374,
      385,
      386,
      391,
      394,
      395,
      396,
      401,
      414
    ],
    "topic_affinity_pct": {
      "0": 0.21739130434782608,
      "1": 0.5952380952380952,
      "2": 0.5,
      "3": 0.71875,
      "4": 0.0,
      "5": 0.5172413793103449,
      "6": 0.6896551724137931,
      "7": 0.037037037037037035,
      "8": 0.07692307692307693,
      "9": 0.16,
      "10": 0.2,
      "11": 0.6666666666666666,
      "12": 0.43478260869565216,
      "13": 0.05,
      "14": 0.0
    }
  },
  "Inflation": {
    "volume": 184,
    "centrality": 1.0,
    "articles": [
      4,
      5,
      8,
      10,
      13,
      17,
      18,
      20,
      21,
      22,
      23,
      24,
      26,
      28,
      29,
      31,
      32,
      34,
      38,
      39,
      41,
      42,
      49,
      50,
      51,
      52,
      53,
      61,
      63,
      65,
      66,
      78,
      83,
      86,
      87,
      88,
      90,
      93,
      95,
      96,
      97,
      98,
      103,
      104,
      106,
      108,
      110,
      111,
      112,
      114,
      115,
      121,
      123,
      124,
      125,
      126,
      127,
      128,
      129,
      130,
      131,
      132,
      133,
      134,
      135,
      136,
      138,
      139,
      141,
      143,
      144,
      147,
      153,
      154,
      155,
      156,
      158,
      159,
      180,
      183,
      184,
      186,
      188,
      190,
      192,
      194,
      195,
      197,
      198,
      200,
      201,
      202,
      203,
      205,
      206,
      208,
      210,
      211,
      212,
      213,
      215,
      216,
      217,
      218,
      219,
      224,
      229,
      231,
      232,
      233,
      234,
      235,
      237,
      239,
      243,
      244,
      246,
      250,
      272,
      290,
      291,
      300,
      301,
      303,
      318,
      319,
      320,
      321,
      322,
      323,
      324,
      325,
      327,
      328,
      329,
      330,
      331,
      333,
      334,
      336,
      339,
      341,
      342,
      345,
      346,
      347,
      351,
      356,
      361,
      363,
      364,
      366,
      367,
      368,
      369,
      370,
      374,
      378,
      379,
      382,
      383,
      385,
      386,
      387,
      391,
      394,
      395,
      396,
      398,
      401,
      402,
      403,
      406,
      409,
      412,
      413,
      414,
      419,
      421,
      427,
      428,
      429,
      432,
      434
    ],
    "topic_affinity_pct": {
      "0": 0.21739130434782608,
      "1": 0.6666666666666666,
      "2": 0.5277777777777778,
      "3": 0.6875,
      "4": 0.03225806451612903,
      "5": 0.6896551724137931,
      "6": 0.6896551724137931,
      "7": 0.07407407407407407,
      "8": 0.38461538461538464,
      "9": 0.28,
      "10": 0.4,
      "11": 0.6666666666666666,
      "12": 0.391304347826087,
      "13": 0.15,
      "14": 0.35
    }
  },
  "Private credit": {
    "volume": 136,
    "centrality": 0.9071661237785016,
    "articles": [
      3,
      4,
      5,
      7,
      26,
      29,
      34,
      39,
      42,
      49,
      61,
      80,
      87,
      96,
      103,
      106,
      108,
      109,
      110,
      111,
      112,
      115,
      126,
      132,
      133,
      134,
      137,
      138,
      141,
      143,
      144,
      145,
      149,
      151,
      152,
      154,
      155,
      157,
      158,
      159,
      179,
      181,
      182,
      183,
      184,
      185,
      188,
      189,
      190,
      191,
      192,
      194,
      197,
      198,
      200,
      205,
      206,
      209,
      212,
      213,
      217,
      218,
      219,
      229,
      230,
      233,
      234,
      237,
      239,
      242,
      244,
      246,
      249,
      291,
      296,
      321,
      327,
      328,
      329,
      331,
      332,
      333,
      334,
      335,
      336,
      338,
      339,
      340,
      341,
      344,
      345,
      346,
      347,
      348,
      349,
      350,
      351,
      352,
      353,
      354,
      355,
      356,
      357,
      359,
      360,
      361,
      363,
      364,
      369,
      370,
      371,
      372,
      373,
      374,
      376,
      383,
      386,
      388,
      391,
      392,
      394,
      396,
      400,
      401,
      402,
      403,
      405,
      406,
      408,
      411,
      412,
      413,
      415,
      418,
      427,
      432
    ],
    "topic_affinity_pct": {
      "0": 0.10869565217391304,
      "1": 0.3333333333333333,
      "2": 0.1388888888888889,
      "3": 0.375,
      "4": 0.03225806451612903,
      "5": 0.7241379310344828,
      "6": 0.3793103448275862,
      "7": 0.07407407407407407,
      "8": 0.19230769230769232,
      "9": 0.32,
      "10": 0.88,
      "11": 0.2916666666666667,
      "12": 0.8260869565217391,
      "13": 0.05,
      "14": 0.15
    }
  },
  "AI": {
    "volume": 48,
    "centrality": 0.16775244299674266,
    "articles": [
      261,
      262,
      263,
      264,
      268,
      276,
      21,
      278,
      279,
      280,
      281,
      409,
      28,
      30,
      286,
      287,
      288,
      163,
      164,
      292,
      167,
      168,
      295,
      296,
      299,
      52,
      181,
      182,
      56,
      188,
      198,
      202,
      77,
      83,
      93,
      223,
      96,
      352,
      103,
      363,
      109,
      113,
      115,
      243,
      117,
      371,
      250,
      252
    ],
    "topic_affinity_pct": {
      "0": 0.41304347826086957,
      "1": 0.09523809523809523,
      "2": 0.027777777777777776,
      "3": 0.15625,
      "4": 0.3870967741935484,
      "5": 0.0,
      "6": 0.0,
      "7": 0.037037037037037035,
      "8": 0.0,
      "9": 0.2,
      "10": 0.0,
      "11": 0.0,
      "12": 0.043478260869565216,
      "13": 0.0,
      "14": 0.0
    }
  },
  "Cyber attacks": {
    "volume": 57,
    "centrality": 0.1758957654723127,