{
  "Recessionary pressures": {
    "volume": 152,
    "centrality": 0.8996655518394648,
    "articles": [
      1,
      2,
      6,
      7,
      10,
      13,
      16,
      18,
      20,
      21,
      22,
      30,
      34,
      36,
      40,
      41,
      44,
      49,
      50,
      51,
      53,
      61,
      64,
      72,
      75,
      83,
      84,
      88,
      89,
      90,
      91,
      93,
      94,
      101,
      102,
      103,
      104,
      106,
      108,
      109,
      110,
      115,
      117,
      122,
      123,
      124,
      125,
      126,
      127,
      128,
      129,
      130,
      131,
      132,
      134,
      135,
      136,
      137,
      138,
      139,
      142,
      151,
      156,
      178,
      180,
      181,
      184,
      186,
      188,
      192,
      195,
      196,
      197,
      199,
      200,
      201,
      202,
      204,
      205,
      206,
      207,
      209,
      210,
      211,
      212,
      214,
      215,
      216,
      218,
      219,
      220,
      222,
      227,
      229,
      232,
      233,
      234,
      235,
      236,
      237,
      239,
      243,
      244,
      245,
      247,
      251,
      274,
      282,
      288,
      292,
      301,
      302,
      304,
      320,
      321,
      322,
      323,
      324,
      325,
      326,
      327,
      329,
      330,
      331,
      332,
      333,
      334,
      335,
      336,
      337,
      339,
      340,
      343,
      346,
      347,
      348,
      349,
      350,
      358,
      362,
      363,
      369,
      384,
      385,
      390,
      393,
      394,
      396,
      397,
      398,
      399,
      404
    ],
    "topic_affinity_pct": {
      "0": 0.7857142857142857,
      "1": 0.40540540540540543,
      "2": 0.4444444444444444,
      "3": 0.11764705882352941,
      "4": 0.7741935483870968,
      "5": 0.3333333333333333,
      "6": 0.3103448275862069,
      "7": 0.10344827586206896,
      "8": 0.07142857142857142,
      "9": 0.18518518518518517,
      "10": 0.84,
      "11": 0.375,
      "12": 0.0,
      "13": 0.0,
      "14": 0.05
    }
  },
  "Inflation": {
    "volume": 189,
    "centrality": 1.0,
    "articles": [
      1,
      2,
      3,
      6,
      7,
      10,
      13,
      17,
      18,
      20,
      21,
      22,
      23,
      24,
      26,
      28,
      30,
      31,
      32,
      34,
      36,
      40,
      41,
      43,
      44,
      49,
      50,
      51,
      52,
      53,
      61,
      64,
      72,
      74,
      75,
      83,
      84,
      87,
      88,
      89,
      90,
      91,
      93,
      94,
      95,
      96,
      101,
      102,
      104,
      106,
      108,
      109,
      110,
      115,
      116,
      117,
      121,
      122,
      123,
      124,
      125,
      126,
      127,
      128,
      129,
      130,
      131,
      132,
      133,
      134,
      136,
      137,
      139,
      141,
      142,
      145,
      151,
      152,
      153,
      154,
      156,
      157,
      166,
      167,
      178,
      181,
      182,
      184,
      186,
      188,
      190,
      192,
      193,
      195,
      196,
      197,
      199,
      200,
      201,
      202,
      204,
      205,
      207,
      209,
      210,
      211,
      212,
      214,
      215,
      216,
      218,
      219,
      222,
      227,
      232,
      234,
      235,
      236,
      237,
      239,
      243,
      244,
      245,
      247,
      251,
      274,
      282,
      292,
      293,
      301,
      302,
      304,
      320,
      321,
      322,
      323,
      324,
      325,
      326,
      327,
      329,
      330,
      331,
      332,
      334,
      335,
      337,
      340,
      342,
      343,
      346,
      347,
      348,
      349,
      353,
      358,
      362,
      363,
      367,
      369,
      376,
      377,
      380,
      381,
      383,
      384,
      385,
      386,
      390,
      393,
      394,
      395,
      396,
      397,
      398,
      399,
      401,
      404,
      405,
      406,
      409,
      412,
      417,
      419,
      425,
      426,
      427,
      430,
      432
    ],
    "topic_affinity_pct": {
      "0": 0.8333333333333334,
      "1": 0.43243243243243246,
      "2": 0.4444444444444444,
      "3": 0.08823529411764706,
      "4": 0.8709677419354839,
      "5": 0.5666666666666667,
      "6": 0.3103448275862069,
      "7": 0.10344827586206896,
      "8": 0.42857142857142855,
      "9": 0.2962962962962963,
      "10": 0.8,
      "11": 0.5416666666666666,
      "12": 0.3333333333333333,
      "13": 0.0,
      "14": 0.15
    }
  },
  "Private credit": {
    "volume": 123,
    "centrality": 0.842809364548495,
    "articles": [
      1,
      2,
      7,
      26,
      34,
      36,
      41,
      44,
      49,
      61,
      88,
      89,
      94,
      101,
      104,
      106,
      107,
      108,
      109,
      110,
      113,
      124,
      130,
      131,
      132,
      135,
      136,
      139,
      141,
      142,
      143,
      147,
      149,
      150,
      152,
      153,
      155,
      156,
      157,
      167,
      179,
      180,
      181,
      182,
      183,
      186,
      187,
      188,
      189,
      190,
      192,
      195,
      196,
      199,
      204,
      205,
      208,
      211,
      212,
      216,
      222,
      232,
      233,
      237,
      239,
      242,
      245,
      247,
      250,
      293,
      298,
      323,
      329,
      330,
      332,
      333,
      334,
      335,
      336,
      337,
      339,
      340,
      341,
      342,
      345,
      346,
      347,
      348,
      350,
      351,
      352,
      353,
      354,
      355,
      356,
      357,
      358,
      360,
      362,
      367,
      371,
      372,
      374,
      381,
      383,
      385,
      387,
      390,
      391,
      394,
      395,
      399,
      403,
      404,
      405,
      406,
      408,
      409,
      411,
      413,
      416,
      425,
      430
    ],
    "topic_affinity_pct": {
      "0": 0.42857142857142855,
      "1": 0.7027027027027027,
      "2": 0.1111111111111111,
      "3": 0.0,
      "4": 0.25806451612903225,
      "5": 0.6666666666666666,
      "6": 0.20689655172413793,
      "7": 0.10344827586206896,
      "8": 0.2857142857142857,
      "9": 0.25925925925925924,
      "10": 0.48,
      "11": 0.25,
      "12": 0.14285714285714285,
      "13": 0.05,
      "14": 0.05
    }
  },
  "AI": {
    "volume": 54,
    "centrality": 0.1806020066889632,
    "articles": [
      262,
      263,
      264,
      265,
      266,
      270,
      21,
      278,
      280,
      281,
      282,
      283,
      412,
      29,
      158,
      30,
      159,
      33,
      162,
      288,
      289,
      165,
      290,
      167,
      294,
      297,
      298,
      172,
      173,
      176,
      177,
      179,
      52,
      180,
      56,
      186,
      196,
      70,
      201,
      83,
      84,
      89,
      217,
      91,
      220,
      349,
      94,
      226,
      354,
      101,
      107,
      243,
      251,
      253
    ],
    "topic_affinity_pct": {
      "0": 0.11904761904761904,
      "1": 0.02702702702702703,
      "2": 0.05555555555555555,
      "3": 0.7352941176470589,
      "4": 0.0,
      "5": 0.0,
      "6": 0.2413793103448276,
      "7": 0.034482758620689655,
      "8": 0.03571428571428571,
      "9": 0.14814814814814814,
      "10": 0.0,
      "11": 0.20833333333333334,
      "12": 0.0,
      "13": 0.15,
      "14": 0.0
    }
  },
  "Cyber attacks": {
    "volume": 56,
    "centrality": 0.16387959866220736,