{
  "Recessionary pressures": {
    "volume": 166,
    "centrality": 0.9255474452554745,
    "articles": [
      2,
      3,
      4,
      7,
      8,
      9,
      10,
      13,
      16,
      18,
      20,
      21,
      22,
      26,
      27,
      30,
      32,
      35,
      49,
      50,
      51,
      53,
      61,
      66,
      68,
      74,
      83,
      84,
      92,
      94,
      96,
      97,
      104,
      105,
      106,
      107,
      109,
      111,
      112,
      113,
      119,
      124,
      125,
      126,
      127,
      128,
      129,
      130,
      131,
      132,
      133,
      134,
      135,
      137,
      138,
      139,
      140,
      141,
      142,
      145,
      154,
      159,
      162,
      165,
      170,
      183,
      184,
      188,
      191,
      192,
      193,
      194,
      195,
      200,
      201,
      202,
      203,
      205,
      206,
      207,
      208,
      210,
      211,
      212,
      213,
      215,
      216,
      217,
      218,
      219,
      220,
      222,
      225,
      226,
      227,
      228,
      229,
      230,
      231,
      234,
      235,
      237,
      238,
      240,
      244,
      246,
      248,
      250,
      254,
      256,
      278,
      293,
      297,
      307,
      308,
      310,
      325,
      326,
      327,
      328,
      329,
      330,
      331,
      332,
      335,
      336,
      337,
      338,
      339,
      340,
      341,
      342,
      343,
      345,
      346,
      349,
      352,
      353,
      354,
      360,
      363,
      364,
      367,
      369,
      371,
      372,
      373,
      375,
      393,
      396,
      399,
      400,
      401,
      402,
      403,
      405,
      407,
      408,
      409,
      413,
      414,
      415,
      416,
      417,
      419,
      420
    ],
    "topic_affinity_pct": {
      "0": 0.5897435897435898,
      "1": 0.7692307692307693,
      "2": 0.2894736842105263,
      "3": 0.2857142857142857,
      "4": 0.42857142857142855,
      "5": 0.12121212121212122,
      "6": 0.75,
      "7": 0.7666666666666667,
      "8": 0.0,
      "9": 0.48148148148148145,
      "10": 0.0,
      "11": 0.043478260869565216,
      "12": 0.045454545454545456,
      "13": 0.0,
      "14": 0.7857142857142857
    }
  },
  "Inflation": {
    "volume": 197,
    "centrality": 1.0,
    "articles": [
      1,
      3,
      4,
      5,
      8,
      9,
      10,
      13,
      17,
      18,
      20,
      21,
      22,
      23,
      24,
      26,
      27,
      30,
      32,
      34,
      35,
      49,
      50,
      51,
      52,
      53,
      61,
      66,
      68,
      74,
      81,
      82,
      83,
      84,
      92,
      94,
      96,
      97,
      98,
      99,
      104,
      105,
      107,
      109,
      111,
      112,
      113,
      119,
      124,
      125,
      126,
      127,
      128,
      129,
      130,
      131,
      132,
      133,
      134,
      135,
      136,
      137,
      139,
      140,
      142,
      144,
      145,
      148,
      154,
      155,
      156,
      157,
      159,
      160,
      162,
      165,
      170,
      183,
      184,
      186,
      188,
      189,
      191,
      192,
      193,
      194,
      195,
      199,
      200,
      201,
      202,
      203,
      205,
      206,
      208,
      210,
      211,
      212,
      213,
      215,
      216,
      217,
      218,
      219,
      220,
      225,
      227,
      228,
      229,
      230,
      231,
      234,
      235,
      237,
      238,
      240,
      244,
      245,
      246,
      248,
      250,
      254,
      255,
      256,
      278,
      297,
      298,
      307,
      308,
      310,
      325,
      326,
      327,
      328,
      329,
      330,
      331,
      332,
      334,
      335,
      336,
      337,
      338,
      340,
      341,
      343,
      346,
      348,
      349,
      352,
      353,
      354,
      355,
      360,
      363,
      367,
      369,
      371,
      372,
      373,
      375,
      378,
      380,
      384,
      385,
      388,
      389,
      393,
      396,
      399,
      400,
      401,
      402,
      403,
      405,
      407,
      408,
      409,
      410,
      412,
      413,
      414,
      415,
      416,
      417,
      418,
      419,
      420,
      421,
      423,
      429,
      430,
      431,
      434,
      436,
      439,
      440
    ],
    "topic_affinity_pct": {
      "0": 0.6410256410256411,
      "1": 0.8461538461538461,
      "2": 0.2894736842105263,
      "3": 0.5142857142857142,
      "4": 0.45714285714285713,
      "5": 0.12121212121212122,
      "6": 0.8125,
      "7": 0.8333333333333334,
      "8": 0.0,
      "9": 0.5185185185185185,
      "10": 0.0,
      "11": 0.08695652173913043,
      "12": 0.13636363636363635,
      "13": 0.42857142857142855,
      "14": 0.7857142857142857
    }
  },
  "Private credit": {
    "volume": 136,
    "centrality": 0.8759124087591241,
    "articles": [
      1,
      4,
      7,
      8,
      9,
      26,
      27,
      32,
      35,
      49,
      61,
      68,
      83,
      91,
      97,
      104,
      107,
      109,
      110,
      111,
      112,
      113,
      119,
      124,
      131,
      133,
      134,
      135,
      138,
      139,
      142,
      144,
      145,
      146,
      150,
      152,
      153,
      155,
      156,
      158,
      159,
      160,
      162,
      165,
      170,
      182,
      183,
      184,
      185,
      186,
      188,
      191,
      192,
      193,
      194,
      195,
      197,
      199,
      200,
      205,
      206,
      209,
      212,
      213,
      217,
      218,
      225,
      226,
      229,
      230,
      234,
      235,
      237,
      238,
      240,
      243,
      248,
      250,
      253,
      298,
      303,
      328,
      334,
      335,
      336,
      338,
      339,
      340,
      341,
      342,
      343,
      345,
      346,
      347,
      348,
      351,
      352,
      353,
      354,
      355,
      356,
      357,
      358,
      359,
      360,
      361,
      362,
      363,
      364,
      365,
      366,
      367,
      369,
      371,
      373,
      378,
      379,
      380,
      382,
      389,
      393,
      394,
      396,
      398,
      399,
      400,
      402,
      403,
      405,
      408,
      409,
      413,
      416,
      420,
      429,
      434
    ],
    "topic_affinity_pct": {
      "0": 0.358974358974359,
      "1": 0.5128205128205128,
      "2": 0.34210526315789475,
      "3": 0.42857142857142855,
      "4": 0.7428571428571429,
      "5": 0.09090909090909091,
      "6": 0.34375,
      "7": 0.7333333333333333,
      "8": 0.0,
      "9": 0.14814814814814814,
      "10": 0.041666666666666664,
      "11": 0.08695652173913043,
      "12": 0.045454545454545456,
      "13": 0.14285714285714285,
      "14": 0.07142857142857142
    }
  },
  "AI": {
    "volume": 54,
    "centrality": 0.12554744525547445,
    "articles": [
      0,
      259,
      268,
      269,
      270,
      397,
      274,
      404,
      21,
      406,
      282,
      410,
      284,
      285,
      286,
      31,
      287,
      288,
      411,
      293,
      294,
      295,
      41,
      169,
      171,
      299,
      174,
      302,
      303,
      306,
      52,
      180,
      437,
      439,
      56,
      184,
      440,
      192,
      202,
      88,
      94,
      97,
      356,
      104,
      110,
      115,
      244,
      118,
      374,
      120,
      377,
      379,
      380,
      254
    ],
    "topic_affinity_pct": {
      "0": 0.05128205128205128,
      "1": 0.02564102564102564,
      "2": 0.10526315789473684,
      "3": 0.14285714285714285,
      "4": 0.0,
      "5": 0.6666666666666666,
      "6": 0.0625,