{
  "Recessionary pressures": {
    "volume": 153,
    "centrality": 0.9004893964110929,
    "articles": [
      1,
      5,
      7,
      10,
      13,
      16,
      18,
      20,
      21,
      22,
      29,
      30,
      35,
      39,
      40,
      43,
      49,
      50,
      51,
      53,
      61,
      66,
      69,
      81,
      83,
      84,
      87,
      89,
      91,
      93,
      95,
      96,
      103,
      104,
      105,
      106,
      108,
      110,
      111,
      112,
      116,
      117,
      119,
      120,
      121,
      123,
      124,
      125,
      126,
      127,
      128,
      129,
      130,
      131,
      132,
      133,
      135,
      136,
      137,
      138,
      139,
      140,
      143,
      152,
      157,
      179,
      181,
      182,
      185,
      187,
      189,
      193,
      196,
      197,
      198,
      200,
      201,
      202,
      203,
      205,
      206,
      207,
      208,
      210,
      211,
      212,
      213,
      215,
      216,
      217,
      218,
      219,
      221,
      226,
      228,
      231,
      232,
      233,
      234,
      235,
      236,
      237,
      239,
      243,
      244,
      245,
      247,
      251,
      273,
      287,
      291,
      301,
      302,
      304,
      320,
      321,
      322,
      323,
      324,
      325,
      326,
      327,
      329,
      330,
      331,
      332,
      333,
      334,
      335,
      336,
      337,
      339,
      340,
      343,
      346,
      347,
      348,
      349,
      357,
      366,
      368,
      370,
      373,
      374,
      375,
      387,
      388,
      393,
      396,
      397,
      398,
      399,
      404
    ],
    "topic_affinity_pct": {
      "0": 0.21428571428571427,
      "1": 0.425,
      "2": 0.3333333333333333,
      "3": 0.6060606060606061,
      "4": 0.42424242424242425,
      "5": 0.03125,
      "6": 0.16129032258064516,
      "7": 0.7096774193548387,
      "8": 0.5714285714285714,
      "9": 0.04,
      "10": 0.8,
      "11": 0.043478260869565216,
      "12": 0.7142857142857143,
      "13": 0.0,
      "14": 0.05263157894736842
    }
  },
  "Inflation": {
    "volume": 189,
    "centrality": 1.0,
    "articles": [
      1,
      6,
      7,
      10,
      13,
      17,
      18,
      20,
      21,
      22,
      23,
      24,
      26,
      28,
      29,
      30,
      31,
      32,
      35,
      39,
      40,
      42,
      43,
      49,
      50,
      51,
      52,
      53,
      61,
      66,
      68,
      69,
      81,
      83,
      84,
      86,
      87,
      88,
      91,
      93,
      95,
      96,
      97,
      98,
      103,
      104,
      106,
      108,
      110,
      111,
      112,
      116,
      117,
      119,
      120,
      121,
      122,
      123,
      124,
      125,
      126,
      127,
      128,
      129,
      130,
      131,
      132,
      133,
      134,
      135,
      137,
      138,
      140,
      142,
      143,
      146,
      152,
      153,
      154,
      155,
      157,
      158,
      159,
      160,
      179,
      182,
      183,
      185,
      187,
      189,
      191,
      193,
      194,
      196,
      197,
      198,
      200,
      201,
      202,
      203,
      205,
      206,
      208,
      210,
      211,
      212,
      213,
      215,
      216,
      217,
      218,
      221,
      226,
      231,
      233,
      234,
      235,
      236,
      237,
      239,
      243,
      244,
      245,
      247,
      251,
      273,
      291,
      292,
      301,
      302,
      304,
      320,
      321,
      322,
      323,
      324,
      325,
      326,
      327,
      329,
      330,
      331,
      332,
      334,
      335,
      337,
      340,
      342,
      343,
      346,
      347,
      348,
      352,
      357,
      362,
      366,
      368,
      370,
      372,
      373,
      374,
      375,
      379,
      380,
      383,
      384,
      386,
      387,
      388,
      389,
      393,
      396,
      397,
      398,
      399,
      401,
      404,
      405,
      406,
      409,
      412,
      415,
      420,
      422,
      428,
      429,
      430,
      433,
      435
    ],
    "topic_affinity_pct": {
      "0": 0.4523809523809524,
      "1": 0.475,
      "2": 0.36363636363636365,
      "3": 0.5757575757575758,
      "4": 0.5151515151515151,
      "5": 0.03125,
      "6": 0.16129032258064516,
      "7": 0.7741935483870968,
      "8": 0.5357142857142857,
      "9": 0.04,
      "10": 0.88,
      "11": 0.30434782608695654,
      "12": 0.9047619047619048,
      "13": 0.35,
      "14": 0.10526315789473684
    }
  },
  "Private credit": {
    "volume": 130,
    "centrality": 0.8727569331158238,
    "articles": [
      5,
      6,
      7,
      9,
      26,
      30,
      35,
      40,
      43,
      49,
      61,
      87,
      89,
      96,
      103,
      106,
      108,
      109,
      110,
      111,
      112,
      113,
      116,
      121,
      125,
      131,
      132,
      133,
      136,
      137,
      140,
      142,
      143,
      144,
      148,
      150,
      151,
      153,
      154,
      156,
      157,
      158,
      160,
      180,
      181,
      182,
      183,
      184,
      187,
      188,
      189,
      190,
      191,
      193,
      196,
      197,
      200,
      205,
      206,
      209,
      212,
      213,
      217,
      221,
      231,
      232,
      235,
      237,
      239,
      242,
      245,
      247,
      250,
      292,
      297,
      323,
      329,
      330,
      332,
      333,
      334,
      335,
      336,
      337,
      339,
      340,
      341,
      342,
      345,
      346,
      347,
      348,
      349,
      350,
      351,
      352,
      353,
      354,
      355,
      356,
      357,
      358,
      362,
      364,
      365,
      366,
      368,
      370,
      375,
      377,
      384,
      386,
      388,
      390,
      393,
      394,
      399,
      403,
      404,
      405,
      406,
      408,
      409,
      411,
      414,
      415,
      416,
      419,
      428,
      433
    ],
    "topic_affinity_pct": {
      "0": 0.6904761904761905,
      "1": 0.1,
      "2": 0.2727272727272727,
      "3": 0.36363636363636365,
      "4": 0.5454545454545454,
      "5": 0.0,
      "6": 0.06451612903225806,
      "7": 0.3870967741935484,
      "8": 0.8928571428571429,
      "9": 0.12,
      "10": 0.32,
      "11": 0.0,
      "12": 0.23809523809523808,
      "13": 0.15,
      "14": 0.0
    }
  },
  "AI": {
    "volume": 50,
    "centrality": 0.18760195758564438,
    "articles": [
      262,
      263,
      264,
      265,
      269,
      21,
      277,
      279,
      280,
      281,
      282,
      412,
      29,
      287,
      160,
      33,
      288,
      289,
      165,
      166,
      293,
      296,
      169,
      170,
      297,
      300,
      52,
      180,
      181,
      56,
      187,
      64,
      197,
      202,
      80,
      83,
      84,
      219,
      93,
      96,
      225,
      353,
      103,
      109,
      368,
      243,
      116,
      121,
      251,
      253
    ],
    "topic_affinity_pct": {
      "0": 0.0,
      "1": 0.0,
      "2": 0.30303030303030304,
      "3": 0.06060606060606061,
      "4": 0.0,
      "5": 0.3125,
      "6": 0.5483870967741935,
      "7": 0.12903225806451613,
      "8": 0.03571428571428571,
      "9": 0.08,
      "10": 0.04,
      "11": 0.043478260869565216,
      "12": 0.09523809523809523,
      "13": 0.0,
      "14": 0.0
    }
  },
  "Cyber attacks": {
    "volume": 57,
    "centrality": 0.16965742251223492,