{
  "Recessionary pressures": {
    "volume": 166,
    "centrality": 0.9191176470588235,
    "articles": [
      0,
      1,
      4,
      5,
      6,
      9,
      10,
      13,
      16,
      18,
      20,
      21,
      22,
      26,
      27,
      30,
      32,
      35,
      49,
      50,
      51,
      53,
      61,
      66,
      68,
      74,
      83,
      84,
      92,
      94,
      96,
      97,
      104,
      105,
      106,
      107,
      109,
      111,
      112,
      113,
      122,
      123,
      124,
      125,
      126,
      127,
      128,
      129,
      130,
      131,
      132,
      133,
      134,
      136,
      137,
      138,
      139,
      140,
      141,
      144,
      153,
      158,
      161,
      164,
      169,
      182,
      183,
      187,
      190,
      191,
      192,
      193,
      194,
      199,
      200,
      201,
      202,
      204,
      205,
      206,
      207,
      209,
      210,
      211,
      212,
      214,
      215,
      216,
      217,
      218,
      219,
      221,
      224,
      225,
      226,
      227,
      228,
      229,
      230,
      233,
      234,
      236,
      237,
      239,
      243,
      245,
      247,
      249,
      253,
      255,
      277,
      292,
      296,
      306,
      307,
      309,
      324,
      325,
      326,
      327,
      328,
      329,
      330,
      331,
      334,
      335,
      336,
      337,
      338,
      339,
      340,
      341,
      342,
      344,
      345,
      348,
      351,
      352,
      353,
      359,
      362,
      363,
      368,
      370,
      372,
      373,
      374,
      376,
      394,
      397,
      400,
      401,
      402,
      403,
      404,
      406,
      408,
      409,
      410,
      414,
      415,
      416,
      417,
      418,
      420,
      421
    ],
    "topic_affinity_pct": {
      "0": 0.4,
      "1": 0.39473684210526316,
      "2": 0.05555555555555555,
      "3": 0.8529411764705882,
      "4": 0.15625,
      "5": 0.0,
      "6": 0.8620689655172413,
      "7": 0.1724137931034483,
      "8": 0.7586206896551724,
      "9": 0.6206896551724138,
      "10": 0.6538461538461539,
      "11": 0.44,
      "12": 0.045454545454545456,
      "13": 0.0,
      "14": 0.0
    }
  },
  "Inflation": {
    "volume": 197,
    "centrality": 1.0,
    "articles": [
      0,
      3,
      5,
      6,
      7,
      10,
      13,
      17,
      18,
      20,
      21,
      22,
      23,
      24,
      26,
      27,
      30,
      32,
      34,
      35,
      49,
      50,
      51,
      52,
      53,
      61,
      66,
      68,
      74,
      81,
      82,
      83,
      84,
      92,
      94,
      96,
      97,
      98,
      99,
      104,
      105,
      107,
      109,
      111,
      112,
      113,
      122,
      123,
      124,
      125,
      126,
      127,
      128,
      129,
      130,
      131,
      132,
      133,
      134,
      135,
      136,
      138,
      139,
      141,
      143,
      144,
      147,
      153,
      154,
      155,
      156,
      158,
      159,
      161,
      164,
      169,
      182,
      183,
      185,
      187,
      188,
      190,
      191,
      192,
      193,
      194,
      198,
      199,
      200,
      201,
      202,
      204,
      205,
      207,
      209,
      210,
      211,
      212,
      214,
      215,
      216,
      217,
      218,
      219,
      224,
      226,
      227,
      228,
      229,
      230,
      233,
      234,
      236,
      237,
      239,
      243,
      244,
      245,
      247,
      249,
      253,
      254,
      255,
      277,
      296,
      297,
      306,
      307,
      309,
      324,
      325,
      326,
      327,
      328,
      329,
      330,
      331,
      333,
      334,
      335,
      336,
      337,
      339,
      340,
      342,
      345,
      347,
      348,
      351,
      352,
      353,
      354,
      359,
      362,
      364,
      368,
      370,
      372,
      373,
      374,
      376,
      379,
      381,
      385,
      386,
      389,
      390,
      394,
      397,
      400,
      401,
      402,
      403,
      404,
      406,
      408,
      409,
      410,
      411,
      413,
      414,
      415,
      416,
      417,
      418,
      419,
      420,
      421,
      422,
      424,
      430,
      431,
      432,
      435,
      437,
      440,
      441
    ],
    "topic_affinity_pct": {
      "0": 0.625,
      "1": 0.4473684210526316,
      "2": 0.16666666666666666,
      "3": 0.8529411764705882,
      "4": 0.15625,
      "5": 0.0,
      "6": 0.7931034482758621,
      "7": 0.1724137931034483,
      "8": 0.7931034482758621,
      "9": 0.6206896551724138,
      "10": 0.8846153846153846,
      "11": 0.44,
      "12": 0.13636363636363635,
      "13": 0.0,
      "14": 0.42857142857142855
    }
  },
  "Private credit": {
    "volume": 136,
    "centrality": 0.875,
    "articles": [
      3,
      6,
      9,
      26,
      27,
      32,
      35,
      49,
      61,
      68,
      83,
      91,
      97,
      104,
      107,
      109,
      110,
      111,
      112,
      113,
      122,
      123,
      130,
      132,
      133,
      134,
      137,
      138,
      141,
      143,
      144,
      145,
      149,
      151,
      152,
      154,
      155,
      157,
      158,
      159,
      161,
      164,
      169,
      181,
      182,
      183,
      184,
      185,
      187,
      190,
      191,
      192,
      193,
      194,
      196,
      198,
      199,
      204,
      205,
      208,
      211,
      212,
      216,
      217,
      224,
      225,
      228,
      229,
      233,
      234,
      236,
      237,
      239,
      242,
      247,
      249,
      252,
      297,
      302,
      327,
      333,
      334,
      335,
      337,
      338,
      339,
      340,
      341,
      342,
      344,
      345,
      346,
      347,
      350,
      351,
      352,
      353,
      354,
      355,
      356,
      357,
      358,
      359,
      360,
      361,
      362,
      363,
      364,
      365,
      366,
      367,
      368,
      370,
      372,
      374,
      379,
      380,
      381,
      383,
      390,
      394,
      395,
      397,
      399,
      400,
      401,
      403,
      404,
      406,
      409,
      410,
      414,
      417,
      421,
      430,
      435
    ],
    "topic_affinity_pct": {
      "0": 0.675,
      "1": 0.7368421052631579,
      "2": 0.1111111111111111,
      "3": 0.5294117647058824,
      "4": 0.0625,
      "5": 0.0967741935483871,
      "6": 0.3448275862068966,
      "7": 0.13793103448275862,
      "8": 0.6206896551724138,
      "9": 0.20689655172413793,
      "10": 0.34615384615384615,
      "11": 0.12,
      "12": 0.045454545454545456,
      "13": 0.0,
      "14": 0.14285714285714285
    }
  },
  "AI": {
    "volume": 56,
    "centrality": 0.1323529411764706,
    "articles": [
      0,
      2,
      258,
      267,
      268,
      269,
      398,
      273,
      21,
      405,
      407,
      281,
      283,
      284,
      285,
      286,
      31,
      287,
      411,
      412,
      292,
      293,
      294,
      168,
      41,
      170,
      298,
      173,
      301,
      302,
      305,
      179,
      52,
      438,
      183,
      56,
      440,
      441,
      191,
      201,
      88,
      94,
      97,
      355,
      104,
      365,
      110,
      114,
      243,
      381,
      118,
      375,
      121,
      378,
      380,
      253
    ],
    "topic_affinity_pct": {
      "0": 0.125,
      "1": 0.0,
      "2": 0.16666666666666666,
      "3": 0.029411764705882353,
      "4": 0.71875,
      "5": 0.3548387096774194,
      "6": 0.0,
      "7": 0.06896551724137931,
      "8": 0.0,
      "9": 0.06896551724137931,