{
  "Recessionary pressures": {
    "volume": 153,
    "centrality": 0.9021922428330523,
    "articles": [
      3,
      4,
      8,
      10,
      13,
      16,
      18,
      20,
      21,
      22,
      30,
      34,
      36,
      40,
      41,
      44,
      49,
      50,
      51,
      53,
      61,
      63,
      71,
      74,
      83,
      84,
      88,
      89,
      90,
      91,
      93,
      94,
      101,
      102,
      103,
      104,
      106,
      108,
      109,
      110,
      113,
      116,
      117,
      118,
      121,
      122,
      123,
      124,
      125,
      126,
      127,
      128,
      129,
      130,
      131,
      133,
      134,
      135,
      136,
      137,
      138,
      141,
      150,
      155,
      177,
      179,
      180,
      183,
      185,
      187,
      191,
      194,
      195,
      196,
      198,
      199,
      200,
      201,
      203,
      204,
      205,
      206,
      208,
      209,
      210,
      211,
      213,
      214,
      215,
      217,
      218,
      219,
      221,
      226,
      228,
      231,
      232,
      233,
      234,
      235,
      236,
      238,
      242,
      243,
      244,
      246,
      250,
      273,
      281,
      287,
      291,
      300,
      301,
      303,
      319,
      320,
      321,
      322,
      323,
      324,
      325,
      326,
      328,
      329,
      330,
      331,
      332,
      333,
      334,
      335,
      336,
      338,
      339,
      342,
      345,
      346,
      347,
      348,
      349,
      357,
      360,
      361,
      367,
      371,
      383,
      384,
      389,
      392,
      394,
      395,
      396,
      397,
      402
    ],
    "topic_affinity_pct": {
      "0": 0.6097560975609756,
      "1": 0.21621621621621623,
      "2": 0.32432432432432434,
      "3": 0.0,
      "4": 0.36363636363636365,
      "5": 0.5454545454545454,
      "6": 0.26666666666666666,
      "7": 0.7142857142857143,
      "8": 0.038461538461538464,
      "9": 0.72,
      "10": 0.875,
      "11": 0.041666666666666664,
      "12": 0.38095238095238093,
      "13": 0.0,
      "14": 0.05555555555555555
    }
  },
  "Inflation": {
    "volume": 187,
    "centrality": 1.0,
    "articles": [
      0,
      3,
      4,
      9,
      10,
      13,
      17,
      18,
      20,
      21,
      22,
      23,
      24,
      26,
      28,
      30,
      31,
      32,
      34,
      36,
      40,
      41,
      43,
      44,
      49,
      50,
      51,
      52,
      53,
      61,
      63,
      71,
      73,
      74,
      83,
      84,
      87,
      88,
      89,
      90,
      91,
      93,
      94,
      95,
      96,
      101,
      102,
      104,
      106,
      108,
      109,
      110,
      117,
      118,
      120,
      121,
      122,
      123,
      124,
      125,
      126,
      127,
      128,
      129,
      130,
      131,
      132,
      133,
      135,
      136,
      138,
      140,
      141,
      144,
      150,
      151,
      152,
      153,
      155,
      156,
      165,
      166,
      177,
      180,
      181,
      183,
      185,
      187,
      189,
      191,
      192,
      194,
      195,
      196,
      198,
      199,
      200,
      201,
      203,
      204,
      206,
      208,
      209,
      210,
      211,
      213,
      214,
      215,
      217,
      218,
      221,
      226,
      231,
      233,
      234,
      235,
      236,
      238,
      242,
      243,
      244,
      246,
      250,
      273,
      281,
      291,
      292,
      300,
      301,
      303,
      319,
      320,
      321,
      322,
      323,
      324,
      325,
      326,
      328,
      329,
      330,
      331,
      333,
      334,
      336,
      339,
      341,
      342,
      345,
      346,
      347,
      348,
      352,
      357,
      360,
      361,
      365,
      367,
      371,
      375,
      376,
      379,
      380,
      382,
      383,
      384,
      385,
      389,
      392,
      393,
      394,
      395,
      396,
      397,
      399,
      402,
      403,
      404,
      407,
      410,
      416,
      418,
      424,
      425,
      426,
      429,
      431
    ],
    "topic_affinity_pct": {
      "0": 0.6585365853658537,
      "1": 0.4594594594594595,
      "2": 0.35135135135135137,
      "3": 0.0,
      "4": 0.5151515151515151,
      "5": 0.5757575757575758,
      "6": 0.23333333333333334,
      "7": 0.75,
      "8": 0.2692307692307692,
      "9": 0.84,
      "10": 0.875,
      "11": 0.041666666666666664,
      "12": 0.38095238095238093,
      "13": 0.35,
      "14": 0.05555555555555555
    }
  },
  "Private credit": {
    "volume": 126,
    "centrality": 0.863406408094435,
    "articles": [
      4,
      8,
      9,
      26,
      34,
      36,
      41,
      44,
      49,
      61,
      88,
      89,
      94,
      101,
      104,
      106,
      107,
      108,
      109,
      110,
      111,
      116,
      118,
      123,
      129,
      130,
      131,
      134,
      135,
      138,
      140,
      141,
      142,
      146,
      148,
      149,
      151,
      152,
      154,
      155,
      156,
      166,
      178,
      179,
      180,
      181,
      182,
      185,
      186,
      187,
      188,
      189,
      191,
      194,
      195,
      198,
      203,
      204,
      207,
      210,
      211,
      215,
      221,
      231,
      232,
      236,
      238,
      241,
      244,
      246,
      249,
      292,
      297,
      322,
      328,
      329,
      331,
      332,
      333,
      334,
      335,
      336,
      338,
      339,
      340,
      341,
      344,
      345,
      346,
      347,
      349,
      350,
      351,
      352,
      353,
      354,
      355,
      356,
      357,
      358,
      360,
      365,
      369,
      370,
      371,
      373,
      380,
      382,
      384,
      386,
      389,
      390,
      392,
      393,
      397,
      401,
      402,
      403,
      404,
      406,
      407,
      409,
      412,
      415,
      424,
      429
    ],
    "topic_affinity_pct": {
      "0": 0.6585365853658537,
      "1": 0.7027027027027027,
      "2": 0.13513513513513514,
      "3": 0.02857142857142857,
      "4": 0.6363636363636364,
      "5": 0.2727272727272727,
      "6": 0.2,
      "7": 0.32142857142857145,
      "8": 0.07692307692307693,
      "9": 0.2,
      "10": 0.4166666666666667,
      "11": 0.08333333333333333,
      "12": 0.0,
      "13": 0.15,
      "14": 0.0
    }
  },
  "AI": {
    "volume": 56,
    "centrality": 0.18718381112984822,
    "articles": [
      261,
      262,
      263,
      264,
      265,
      269,
      21,
      277,
      279,
      280,
      281,
      282,
      410,
      29,
      158,
      30,
      157,
      33,
      161,
      287,
      164,
      288,
      166,
      289,
      293,
      296,
      297,
      171,
      172,
      175,
      176,
      178,
      179,
      52,
      56,
      185,
      195,
      69,
      200,
      83,
      84,
      216,
      89,
      91,
      219,
      348,
      94,
      225,
      353,
      101,
      107,
      242,
      117,
      119,
      250,
      252
    ],
    "topic_affinity_pct": {
      "0": 0.024390243902439025,
      "1": 0.0,
      "2": 0.3783783783783784,
      "3": 0.4,
      "4": 0.0,
      "5": 0.24242424242424243,
      "6": 0.5333333333333333,
      "7": 0.07142857142857142,
      "8": 0.038461538461538464,
      "9": 0.0,
      "10": 0.0,
      "11": 0.0,
      "12": 0.0,
      "13": 0.0,
      "14": 0.0
    }
  },
  "Cyber attacks": {
    "volume": 56,
    "centrality": 0.16526138279932545,