{
  "Recessionary pressures": {
    "volume": 166,
    "centrality": 0.9082969432314411,
    "articles": [
      1,
      2,
      5,
      8,
      9,
      10,
      13,
      16,
      18,
      20,
      21,
      22,
      29,
      30,
      32,
      36,
      37,
      40,
      49,
      50,
      51,
      53,
      61,
      65,
      73,
      79,
      81,
      83,
      84,
      88,
      91,
      92,
      94,
      96,
      97,
      104,
      105,
      106,
      107,
      109,
      111,
      112,
      113,
      121,
      122,
      123,
      124,
      125,
      126,
      127,
      128,
      129,
      130,
      131,
      132,
      133,
      134,
      136,
      137,
      138,
      139,
      140,
      141,
      144,
      153,
      158,
      162,
      165,
      170,
      182,
      183,
      187,
      190,
      191,
      192,
      193,
      194,
      199,
      200,
      201,
      202,
      204,
      205,
      206,
      207,
      209,
      210,
      211,
      212,
      214,
      215,
      216,
      217,
      218,
      219,
      221,
      224,
      225,
      226,
      227,
      228,
      229,
      230,
      233,
      234,
      236,
      237,
      239,
      243,
      245,
      246,
      248,
      252,
      254,
      275,
      290,
      294,
      304,
      305,
      307,
      322,
      323,
      324,
      325,
      326,
      327,
      328,
      329,
      332,
      333,
      334,
      335,
      336,
      337,
      338,
      339,
      340,
      342,
      343,
      346,
      349,
      350,
      351,
      357,
      360,
      361,
      366,
      368,
      370,
      371,
      372,
      374,
      394,
      397,
      403,
      404,
      405,
      407,
      409,
      410,
      411,
      415,
      416,
      417,
      418,
      419
    ],
    "topic_affinity_pct": {
      "0": 0.625,
      "1": 0.10526315789473684,
      "2": 0.0,
      "3": 0.7941176470588235,
      "4": 0.3333333333333333,
      "5": 0.21875,
      "6": 0.1875,
      "7": 0.7,
      "8": 0.6206896551724138,
      "9": 0.2857142857142857,
      "10": 0.875,
      "11": 0.0,
      "12": 0.5714285714285714,
      "13": 0.25,
      "14": 0.05
    }
  },
  "Inflation": {
    "volume": 200,
    "centrality": 1.0,
    "articles": [
      1,
      2,
      3,
      5,
      6,
      8,
      10,
      13,
      17,
      18,
      20,
      21,
      22,
      23,
      24,
      27,
      29,
      30,
      31,
      32,
      36,
      37,
      39,
      40,
      49,
      50,
      51,
      52,
      53,
      61,
      65,
      73,
      79,
      81,
      82,
      84,
      88,
      92,
      94,
      96,
      97,
      98,
      99,
      104,
      105,
      107,
      109,
      111,
      112,
      113,
      120,
      121,
      123,
      124,
      125,
      126,
      127,
      128,
      129,
      130,
      131,
      132,
      133,
      134,
      135,
      136,
      138,
      139,
      141,
      143,
      144,
      147,
      153,
      154,
      155,
      156,
      158,
      159,
      162,
      165,
      170,
      182,
      183,
      185,
      187,
      188,
      190,
      191,
      192,
      193,
      194,
      198,
      199,
      200,
      201,
      202,
      204,
      205,
      207,
      209,
      210,
      211,
      212,
      214,
      215,
      216,
      217,
      218,
      219,
      224,
      226,
      227,
      228,
      229,
      230,
      233,
      234,
      236,
      237,
      239,
      243,
      244,
      245,
      246,
      248,
      252,
      253,
      254,
      275,
      294,
      295,
      304,
      305,
      307,
      322,
      323,
      324,
      325,
      326,
      327,
      328,
      329,
      331,
      332,
      333,
      334,
      335,
      337,
      338,
      340,
      343,
      345,
      346,
      349,
      350,
      351,
      352,
      357,
      360,
      362,
      366,
      368,
      370,
      371,
      372,
      374,
      377,
      379,
      383,
      384,
      387,
      388,
      390,
      394,
      397,
      401,
      402,
      403,
      404,
      405,
      407,
      409,
      410,
      411,
      412,
      414,
      415,
      416,
      417,
      418,
      419,
      420,
      422,
      428,
      429,
      430,
      433,
      435,
      438,
      439
    ],
    "topic_affinity_pct": {
      "0": 0.575,
      "1": 0.2631578947368421,
      "2": 0.02702702702702703,
      "3": 0.8529411764705882,
      "4": 0.42424242424242425,
      "5": 0.25,
      "6": 0.1875,
      "7": 0.8333333333333334,
      "8": 0.5862068965517241,
      "9": 0.6071428571428571,
      "10": 0.875,
      "11": 0.4090909090909091,
      "12": 0.5238095238095238,
      "13": 0.3,
      "14": 0.15
    }
  },
  "Private credit": {
    "volume": 140,
    "centrality": 0.8791848617176128,
    "articles": [
      1,
      5,
      8,
      27,
      30,
      32,
      37,
      40,
      49,
      61,
      73,
      81,
      83,
      88,
      91,
      97,
      104,
      107,
      109,
      110,
      111,
      112,
      113,
      120,
      123,
      130,
      132,
      133,
      134,
      137,
      138,
      141,
      143,
      144,
      145,
      149,
      151,
      152,
      154,
      155,
      157,
      158,
      159,
      162,
      165,
      170,
      181,
      182,
      183,
      184,
      185,
      187,
      190,
      191,
      192,
      193,
      194,
      196,
      198,
      199,
      204,
      205,
      208,
      211,
      212,
      216,
      217,
      224,
      225,
      228,
      229,
      233,
      234,
      236,
      237,
      239,
      242,
      246,
      248,
      251,
      295,
      300,
      325,
      331,
      332,
      333,
      335,
      336,
      337,
      338,
      339,
      340,
      342,
      343,
      344,
      345,
      348,
      349,
      350,
      351,
      352,
      353,
      354,
      355,
      356,
      357,
      358,
      359,
      360,
      361,
      362,
      363,
      364,
      365,
      366,
      368,
      370,
      372,
      377,
      378,
      379,
      381,
      388,
      391,
      394,
      395,
      397,
      399,
      400,
      401,
      402,
      404,
      405,
      407,
      410,
      411,
      415,
      418,
      428,
      433
    ],
    "topic_affinity_pct": {
      "0": 0.35,
      "1": 0.13157894736842105,
      "2": 0.02702702702702703,
      "3": 0.35294117647058826,
      "4": 0.7272727272727273,
      "5": 0.21875,
      "6": 0.09375,
      "7": 0.16666666666666666,
      "8": 0.1724137931034483,
      "9": 0.7857142857142857,
      "10": 0.7916666666666666,
      "11": 0.13636363636363635,
      "12": 0.5714285714285714,
      "13": 0.35,
      "14": 0.05
    }
  },
  "AI": {
    "volume": 52,
    "centrality": 0.14410480349344978,
    "articles": [
      256,
      2,
      265,
      266,
      267,
      398,
      271,
      21,
      406,
      279,
      408,
      281,
      282,
      283,
      284,
      29,
      285,
      412,
      413,
      161,
      290,
      291,
      292,
      296,
      169,
      171,
      299,
      300,
      174,
      303,
      52,
      436,
      438,
      183,
      56,
      439,
      191,
      71,
      201,
      88,
      94,
      97,
      353,
      104,
      363,
      110,
      243,
      373,
      376,
      378,
      379,
      252
    ],
    "topic_affinity_pct": {
      "0": 0.0,
      "1": 0.10526315789473684,
      "2": 0.35135135135135137,
      "3": 0.0,
      "4": 0.0,
      "5": 0.15625,
      "6": 0.5625,
      "7": 0.06666666666666667,
      "8": 0.06896551724137931,
      "9": 0.07142857142857142,
      "10": 0.0,
      "11": 0.13636363636363635,