{
  "Recessionary pressures": {
    "volume": 164,
    "centrality": 0.9355322338830585,
    "articles": [
      0,
      3,
      7,
      8,
      9,
      10,
      13,
      16,
      18,
      20,
      21,
      22,
      26,
      29,
      31,
      34,
      35,
      49,
      50,
      51,
      53,
      61,
      62,
      64,
      70,
      80,
      83,
      84,
      85,
      92,
      94,
      95,
      102,
      103,
      104,
      105,
      107,
      109,
      110,
      111,
      117,
      119,
      120,
      121,
      122,
      123,
      124,
      125,
      126,
      127,
      128,
      129,
      130,
      131,
      132,
      133,
      135,
      136,
      137,
      138,
      139,
      140,
      143,
      152,
      157,
      159,
      164,
      181,
      182,
      186,
      189,
      190,
      191,
      192,
      193,
      198,
      199,
      200,
      201,
      203,
      204,
      205,
      206,
      208,
      209,
      210,
      211,
      213,
      214,
      215,
      216,
      217,
      218,
      219,
      220,
      221,
      222,
      223,
      226,
      227,
      229,
      237,
      238,
      243,
      245,
      247,
      248,
      253,
      255,
      287,
      303,
      307,
      318,
      319,
      321,
      336,
      337,
      338,
      339,
      340,
      341,
      342,
      343,
      346,
      347,
      348,
      349,
      350,
      351,
      352,
      353,
      354,
      356,
      357,
      360,
      363,
      364,
      365,
      370,
      373,
      374,
      375,
      376,
      378,
      380,
      381,
      382,
      384,
      401,
      404,
      407,
      408,
      410,
      411,
      412,
      416,
      417,
      418,
      419,
      420,
      421,
      423,
      424,
      428
    ],
    "topic_affinity_pct": {
      "0": 0.7333333333333333,
      "1": 0.38095238095238093,
      "2": 0.5897435897435898,
      "3": 0.48717948717948717,
      "4": 0.13333333333333333,
      "5": 0.03333333333333333,
      "6": 0.8666666666666667,
      "7": 0.3103448275862069,
      "8": 0.32142857142857145,
      "9": 0.07692307692307693,
      "10": 0.84,
      "11": 0.0,
      "12": 0.043478260869565216,
      "13": 0.0,
      "14": 0.0
    }
  },
  "Inflation": {
    "volume": 194,
    "centrality": 1.0,
    "articles": [
      1,
      2,
      3,
      5,
      7,
      8,
      10,
      13,
      17,
      18,
      20,
      21,
      22,
      23,
      24,
      26,
      29,
      31,
      33,
      34,
      35,
      49,
      50,
      51,
      52,
      53,
      61,
      62,
      64,
      70,
      77,
      80,
      83,
      84,
      90,
      92,
      94,
      95,
      96,
      97,
      102,
      103,
      105,
      107,
      109,
      110,
      111,
      117,
      121,
      122,
      123,
      124,
      125,
      126,
      127,
      128,
      129,
      130,
      131,
      132,
      133,
      134,
      135,
      137,
      138,
      140,
      142,
      143,
      146,
      152,
      153,
      154,
      155,
      157,
      158,
      159,
      164,
      181,
      182,
      184,
      186,
      187,
      189,
      190,
      191,
      192,
      193,
      197,
      198,
      199,
      200,
      201,
      203,
      204,
      206,
      208,
      209,
      210,
      211,
      213,
      214,
      215,
      216,
      217,
      219,
      220,
      221,
      222,
      223,
      226,
      227,
      229,
      237,
      238,
      243,
      244,
      245,
      247,
      248,
      253,
      254,
      255,
      287,
      307,
      308,
      318,
      319,
      321,
      336,
      337,
      338,
      339,
      340,
      341,
      342,
      343,
      345,
      346,
      347,
      348,
      349,
      351,
      352,
      354,
      357,
      359,
      360,
      363,
      364,
      365,
      370,
      373,
      375,
      376,
      378,
      380,
      381,
      382,
      384,
      387,
      389,
      393,
      394,
      397,
      398,
      401,
      404,
      407,
      408,
      410,
      411,
      412,
      413,
      415,
      416,
      417,
      418,
      419,
      420,
      421,
      422,
      423,
      424,
      425,
      428,
      430,
      432,
      438,
      439,
      440,
      443,
      445,
      448,
      449
    ],
    "topic_affinity_pct": {
      "0": 0.7111111111111111,
      "1": 0.40476190476190477,
      "2": 0.6923076923076923,
      "3": 0.6923076923076923,
      "4": 0.1,
      "5": 0.03333333333333333,
      "6": 0.8666666666666667,
      "7": 0.3793103448275862,
      "8": 0.32142857142857145,
      "9": 0.07692307692307693,
      "10": 0.92,
      "11": 0.0,
      "12": 0.13043478260869565,
      "13": 0.4090909090909091,
      "14": 0.21052631578947367
    }
  },
  "Private credit": {
    "volume": 136,
    "centrality": 0.8935532233883059,
    "articles": [
      0,
      2,
      3,
      7,
      8,
      26,
      31,
      34,
      35,
      49,
      61,
      64,
      80,
      82,
      84,
      95,
      102,
      105,
      107,
      108,
      109,
      110,
      111,
      114,
      115,
      118,
      120,
      122,
      129,
      131,
      132,
      133,
      136,
      137,
      140,
      142,
      143,
      144,
      148,
      150,
      151,
      153,
      154,
      156,
      157,
      158,
      159,
      164,
      175,
      180,
      181,
      182,
      183,
      184,
      186,
      189,
      190,
      191,
      192,
      193,
      195,
      197,
      198,
      203,
      204,
      207,
      210,
      211,
      215,
      216,
      218,
      221,
      222,
      226,
      227,
      229,
      237,
      238,
      242,
      247,
      248,
      252,
      308,
      313,
      339,
      345,
      346,
      347,
      349,
      350,
      351,
      352,
      353,
      354,
      356,
      357,
      358,
      359,
      362,
      363,
      364,
      365,
      366,
      367,
      368,
      369,
      370,
      371,
      372,
      373,
      374,
      375,
      378,
      380,
      382,
      387,
      388,
      389,
      391,
      398,
      401,
      402,
      404,
      406,
      407,
      408,
      409,
      411,
      412,
      416,
      419,
      424,
      425,
      427,
      438,
      443
    ],
    "topic_affinity_pct": {
      "0": 0.4222222222222222,
      "1": 0.6666666666666666,
      "2": 0.20512820512820512,
      "3": 0.5384615384615384,
      "4": 0.06666666666666667,
      "5": 0.03333333333333333,
      "6": 0.3333333333333333,
      "7": 0.06896551724137931,
      "8": 0.4642857142857143,
      "9": 0.0,
      "10": 0.84,
      "11": 0.0,
      "12": 0.043478260869565216,
      "13": 0.18181818181818182,
      "14": 0.3157894736842105
    }
  },
  "AI": {
    "volume": 51,
    "centrality": 0.13043478260869565,
    "articles": [
      258,
      386,
      388,
      389,
      267,
      21,
      405,
      279,
      283,
      413,
      30,
      414,
      163,
      291,
      165,
      293,
      294,
      168,
      41,
      295,
      296,
      297,
      298,
      174,
      303,
      304,
      305,
      52,
      309,
      182,
      56,
      312,
      313,
      316,
      317,
      190,
      446,
      448,
      449,
      200,
      88,
      92,
      95,
      102,
      108,
      366,
      243,
      116,
      119,
      253,
      383
    ],
    "topic_affinity_pct": {
      "0": 0.022222222222222223,
      "1": 0.0,
      "2": 0.1282051282051282,
      "3": 0.05128205128205128,
      "4": 0.7333333333333333,
      "5": 0.03333333333333333,
      "6": 0.0,
      "7": 0.0,
      "8": 0.14285714285714285,
      "9": 0.2692307692307692,
      "10": 0.0,