{
  "Recessionary pressures": {
    "volume": 161,
    "centrality": 0.8979289940828402,
    "articles": [
      1,
      4,
      6,
      7,
      10,
      13,
      16,
      18,
      20,
      21,
      22,
      28,
      29,
      33,
      37,
      38,
      41,
      49,
      50,
      51,
      53,
      61,
      66,
      73,
      75,
      76,
      83,
      84,
      87,
      89,
      90,
      91,
      93,
      95,
      96,
      103,
      104,
      105,
      106,
      108,
      110,
      111,
      112,
      114,
      115,
      116,
      119,
      122,
      124,
      125,
      126,
      127,
      128,
      129,
      130,
      131,
      132,
      133,
      134,
      136,
      137,
      138,
      139,
      140,
      141,
      144,
      153,
      158,
      175,
      178,
      181,
      184,
      185,
      188,
      189,
      194,
      196,
      197,
      198,
      200,
      201,
      202,
      203,
      205,
      206,
      207,
      208,
      210,
      211,
      212,
      213,
      215,
      216,
      217,
      218,
      219,
      224,
      226,
      229,
      230,
      231,
      232,
      233,
      234,
      235,
      237,
      239,
      243,
      244,
      246,
      250,
      272,
      286,
      290,
      300,
      301,
      303,
      318,
      319,
      320,
      321,
      322,
      323,
      324,
      325,
      328,
      329,
      330,
      331,
      332,
      333,
      334,
      335,
      336,
      338,
      339,
      342,
      345,
      346,
      347,
      353,
      356,
      357,
      358,
      359,
      362,
      363,
      364,
      369,
      371,
      373,
      374,
      385,
      390,
      393,
      395,
      408,
      409,
      410,
      412,
      414
    ],
    "topic_affinity_pct": {
      "0": 0.41025641025641024,
      "1": 0.6578947368421053,
      "2": 0.3157894736842105,
      "3": 0.0,
      "4": 0.03125,
      "5": 0.7666666666666667,
      "6": 0.8275862068965517,
      "7": 0.10714285714285714,
      "8": 0.6666666666666666,
      "9": 0.08,
      "10": 0.5416666666666666,
      "11": 0.7391304347826086,
      "12": 0.2727272727272727,
      "13": 0.0,
      "14": 0.047619047619047616
    },
    "delta_volume_pct": -1.2269938650306749
  },
  "Inflation": {
    "volume": 196,
    "centrality": 1.0,
    "articles": [
      0,
      1,
      4,
      6,
      7,
      8,
      10,
      13,
      17,
      18,
      20,
      21,
      22,
      23,
      24,
      26,
      28,
      29,
      31,
      32,
      33,
      37,
      38,
      40,
      41,
      49,
      50,
      51,
      52,
      53,
      61,
      66,
      73,
      75,
      76,
      82,
      84,
      87,
      89,
      90,
      92,
      93,
      95,
      96,
      97,
      98,
      103,
      104,
      106,
      108,
      110,
      111,
      112,
      113,
      114,
      115,
      118,
      119,
      122,
      123,
      124,
      125,
      126,
      127,
      128,
      129,
      130,
      131,
      132,
      133,
      134,
      135,
      136,
      138,
      139,
      141,
      143,
      144,
      147,
      153,
      154,
      155,
      156,
      158,
      159,
      175,
      178,
      182,
      184,
      185,
      188,
      189,
      191,
      193,
      194,
      196,
      197,
      198,
      200,
      201,
      202,
      203,
      205,
      206,
      208,
      210,
      211,
      212,
      213,
      215,
      216,
      217,
      218,
      219,
      224,
      229,
      231,
      232,
      233,
      234,
      235,
      237,
      239,
      243,
      244,
      246,
      250,
      272,
      290,
      291,
      300,
      301,
      303,
      318,
      319,
      320,
      321,
      322,
      323,
      324,
      325,
      327,
      328,
      329,
      330,
      331,
      333,
      334,
      336,
      339,
      341,
      342,
      345,
      346,
      347,
      348,
      353,
      356,
      358,
      359,
      361,
      362,
      363,
      364,
      365,
      369,
      371,
      373,
      374,
      378,
      379,
      382,
      383,
      385,
      386,
      390,
      393,
      395,
      396,
      397,
      400,
      403,
      406,
      407,
      408,
      409,
      410,
      412,
      414,
      418,
      420,
      426,
      427,
      428,
      431,
      433
    ],
    "topic_affinity_pct": {
      "0": 0.4358974358974359,
      "1": 0.7105263157894737,
      "2": 0.2631578947368421,
      "3": 0.0,
      "4": 0.125,
      "5": 0.8,
      "6": 0.8275862068965517,
      "7": 0.17857142857142858,
      "8": 0.7407407407407407,
      "9": 0.44,
      "10": 0.625,
      "11": 0.782608695652174,
      "12": 0.5,
      "13": 0.3181818181818182,
      "14": 0.14285714285714285
    },
    "delta_volume_pct": -0.5076142131979695
  },
  "Private credit": {
    "volume": 145,
    "centrality": 0.8979289940828402,
    "articles": [
      0,
      1,
      3,
      6,
      26,
      29,
      33,
      38,
      41,
      49,
      61,
      63,
      66,
      75,
      83,
      89,
      92,
      96,
      103,
      106,
      108,
      109,
      110,
      111,
      112,
      115,
      118,
      119,
      126,
      132,
      133,
      134,
      137,
      138,
      141,
      143,
      144,
      145,
      149,
      151,
      152,
      154,
      155,
      157,
      158,
      159,
      170,
      172,
      175,
      178,
      180,
      181,
      182,
      183,
      185,
      187,
      188,
      189,
      190,
      191,
      194,
      196,
      197,
      198,
      200,
      205,
      206,
      209,
      212,
      213,
      217,
      218,
      219,
      229,
      230,
      233,
      234,
      237,
      239,
      242,
      244,
      246,
      249,
      291,
      296,
      321,
      327,
      328,
      329,
      331,
      332,
      333,
      334,
      335,
      336,
      338,
      339,
      340,
      341,
      344,
      345,
      346,
      347,
      348,
      349,
      350,
      351,
      352,
      353,
      354,
      355,
      356,
      357,
      358,
      359,
      364,
      365,
      366,
      367,
      368,
      369,
      371,
      373,
      376,
      383,
      385,
      387,
      390,
      391,
      393,
      395,
      396,
      397,
      399,
      400,
      402,
      405,
      406,
      407,
      409,
      410,
      412,
      417,
      426,
      431
    ],
    "topic_affinity_pct": {
      "0": 0.7692307692307693,
      "1": 0.15789473684210525,
      "2": 0.18421052631578946,
      "3": 0.02702702702702703,
      "4": 0.0625,
      "5": 0.26666666666666666,
      "6": 0.4482758620689655,
      "7": 0.21428571428571427,
      "8": 0.7037037037037037,
      "9": 0.56,
      "10": 0.16666666666666666,
      "11": 0.6086956521739131,
      "12": 0.7727272727272727,
      "13": 0.13636363636363635,
      "14": 0.047619047619047616
    },
    "delta_volume_pct": 4.316546762589928
  },
  "AI": {
    "volume": 47,
    "centrality": 0.15680473372781065,
    "articles": [
      261,
      262,
      7,
      263,
      264,
      394,
      268,
      403,
      276,
      21,
      278,
      279,
      280,
      281,
      411,
      28,
      413,
      286,
      287,
      288,
      292,
      295,
      296,
      171,
      299,
      174,
      434,
      52,
      180,
      181,
      56,
      189,
      197,
      202,
      84,
      89,
      93,
      349,
      223,
      96,
      358,
      103,
      109,
      366,
      243,
      250,
      252
    ],
    "topic_affinity_pct": {
      "0": 0.02564102564102564,
      "1": 0.0,
      "2": 0.34210526315789475,
      "3": 0.3783783783783784,
      "4": 0.0625,
      "5": 0.1,
      "6": 0.0,