{
  "Recessionary pressures": {
    "volume": 166,
    "centrality": 0.9136163982430454,
    "articles": [
      1,
      2,
      5,
      8,
      9,
      10,
      13,
      16,
      18,
      20,
      21,
      22,
      29,
      30,
      32,
      36,
      37,
      40,
      49,
      50,
      51,
      53,
      61,
      66,
      74,
      80,
      83,
      84,
      88,
      91,
      92,
      94,
      96,
      97,
      104,
      105,
      106,
      107,
      109,
      111,
      112,
      113,
      121,
      122,
      123,
      124,
      125,
      126,
      127,
      128,
      129,
      130,
      131,
      132,
      133,
      134,
      136,
      137,
      138,
      139,
      140,
      141,
      144,
      153,
      158,
      162,
      165,
      170,
      182,
      183,
      187,
      190,
      191,
      192,
      193,
      194,
      199,
      200,
      201,
      202,
      204,
      205,
      206,
      207,
      209,
      210,
      211,
      212,
      214,
      215,
      216,
      217,
      218,
      219,
      221,
      224,
      225,
      226,
      227,
      228,
      229,
      230,
      233,
      234,
      236,
      237,
      239,
      243,
      245,
      246,
      248,
      252,
      254,
      275,
      290,
      294,
      304,
      305,
      307,
      322,
      323,
      324,
      325,
      326,
      327,
      328,
      329,
      332,
      333,
      334,
      335,
      336,
      337,
      338,
      339,
      340,
      342,
      343,
      346,
      349,
      350,
      351,
      357,
      360,
      361,
      362,
      367,
      369,
      371,
      372,
      373,
      375,
      394,
      397,
      403,
      404,
      405,
      407,
      409,
      410,
      411,
      415,
      416,
      417,
      418,
      419
    ],
    "topic_affinity_pct": {
      "0": 0.425,
      "1": 0.3076923076923077,
      "2": 0.8157894736842105,
      "3": 0.17142857142857143,
      "4": 0.7058823529411765,
      "5": 0.0,
      "6": 0.3,
      "7": 0.0,
      "8": 0.6785714285714286,
      "9": 0.2222222222222222,
      "10": 0.6296296296296297,
      "11": 0.8333333333333334,
      "12": 0.05,
      "13": 0.0,
      "14": 0.2222222222222222
    },
    "delta_volume_pct": 0.0
  },
  "Inflation": {
    "volume": 199,
    "centrality": 1.0,
    "articles": [
      1,
      2,
      3,
      5,
      6,
      8,
      10,
      13,
      17,
      18,
      20,
      21,
      22,
      23,
      24,
      27,
      29,
      30,
      31,
      32,
      36,
      37,
      39,
      40,
      49,
      50,
      51,
      52,
      53,
      61,
      66,
      74,
      80,
      82,
      84,
      88,
      92,
      94,
      96,
      97,
      98,
      99,
      104,
      105,
      107,
      109,
      111,
      112,
      113,
      120,
      121,
      123,
      124,
      125,
      126,
      127,
      128,
      129,
      130,
      131,
      132,
      133,
      134,
      135,
      136,
      138,
      139,
      141,
      143,
      144,
      147,
      153,
      154,
      155,
      156,
      158,
      159,
      162,
      165,
      170,
      182,
      183,
      185,
      187,
      188,
      190,
      191,
      192,
      193,
      194,
      198,
      199,
      200,
      201,
      202,
      204,
      205,
      207,
      209,
      210,
      211,
      212,
      214,
      215,
      216,
      217,
      218,
      219,
      224,
      226,
      227,
      228,
      229,
      230,
      233,
      234,
      236,
      237,
      239,
      243,
      244,
      245,
      246,
      248,
      252,
      253,
      254,
      275,
      294,
      295,
      304,
      305,
      307,
      322,
      323,
      324,
      325,
      326,
      327,
      328,
      329,
      331,
      332,
      333,
      334,
      335,
      337,
      338,
      340,
      343,
      345,
      346,
      349,
      350,
      351,
      352,
      357,
      360,
      362,
      363,
      367,
      369,
      371,
      372,
      373,
      375,
      378,
      383,
      384,
      387,
      388,
      390,
      394,
      397,
      401,
      402,
      403,
      404,
      405,
      407,
      409,
      410,
      411,
      412,
      414,
      415,
      416,
      417,
      418,
      419,
      420,
      422,
      428,
      429,
      430,
      433,
      435,
      438,
      439
    ],
    "topic_affinity_pct": {
      "0": 0.425,
      "1": 0.5128205128205128,
      "2": 0.8421052631578947,
      "3": 0.37142857142857144,
      "4": 0.8235294117647058,
      "5": 0.03225806451612903,
      "6": 0.3,
      "7": 0.0,
      "8": 0.6071428571428571,
      "9": 0.37037037037037035,
      "10": 0.5925925925925926,
      "11": 0.875,
      "12": 0.1,
      "13": 0.45,
      "14": 0.2222222222222222
    },
    "delta_volume_pct": 0.0
  },
  "Private credit": {
    "volume": 139,
    "centrality": 0.8784773060029283,
    "articles": [
      1,
      5,
      8,
      27,
      30,
      32,
      37,
      40,
      49,
      61,
      74,
      83,
      88,
      91,
      97,
      104,
      107,
      109,
      110,
      111,
      112,
      113,
      120,
      123,
      130,
      132,
      133,
      134,
      137,
      138,
      141,
      143,
      144,
      145,
      149,
      151,
      152,
      154,
      155,
      157,
      158,
      159,
      162,
      165,
      170,
      181,
      182,
      183,
      184,
      185,
      187,
      190,
      191,
      192,
      193,
      194,
      196,
      198,
      199,
      204,
      205,
      208,
      211,
      212,
      216,
      217,
      224,
      225,
      228,
      229,
      233,
      234,
      236,
      237,
      239,
      242,
      246,
      248,
      251,
      295,
      300,
      325,
      331,
      332,
      333,
      335,
      336,
      337,
      338,
      339,
      340,
      342,
      343,
      344,
      345,
      348,
      349,
      350,
      351,
      352,
      353,
      354,
      355,
      356,
      357,
      358,
      359,
      360,
      361,
      362,
      363,
      364,
      365,
      366,
      367,
      369,
      371,
      373,
      378,
      379,
      381,
      388,
      391,
      394,
      395,
      397,
      399,
      400,
      401,
      402,
      404,
      405,
      407,
      410,
      411,
      415,
      418,
      428,
      433
    ],
    "topic_affinity_pct": {
      "0": 0.175,
      "1": 0.6923076923076923,
      "2": 0.39473684210526316,
      "3": 0.08571428571428572,
      "4": 0.20588235294117646,
      "5": 0.0,
      "6": 0.2,
      "7": 0.10344827586206896,
      "8": 0.6785714285714286,
      "9": 0.7037037037037037,
      "10": 0.18518518518518517,
      "11": 0.7916666666666666,
      "12": 0.0,
      "13": 0.15,
      "14": 0.3333333333333333
    },
    "delta_volume_pct": 0.0
  },
  "AI": {
    "volume": 51,
    "centrality": 0.1390922401171303,
    "articles": [
      256,
      2,
      265,
      266,
      267,
      398,
      271,
      21,
      406,
      279,
      408,
      281,
      282,
      283,
      284,
      29,
      285,
      412,
      413,
      161,
      290,
      291,
      292,
      296,
      169,
      171,
      299,
      300,
      174,
      303,
      52,
      436,
      438,
      183,
      56,
      439,
      191,
      72,
      201,
      88,
      94,
      97,
      353,
      104,
      364,
      110,
      243,
      374,
      377,
      379,
      252
    ],
    "topic_affinity_pct": {
      "0": 0.0,
      "1": 0.15384615384615385,
      "2": 0.0,
      "3": 0.08571428571428572,
      "4": 0.058823529411764705,
      "5": 0.3870967741935484,
      "6": 0.5,
      "7": 0.20689655172413793,