{
  "Recessionary pressures": {
    "volume": 158,
    "centrality": 0.9274924471299094,
    "articles": [
      0,
      2,
      6,
      10,
      13,
      16,
      18,
      20,
      21,
      22,
      26,
      27,
      30,
      32,
      35,
      49,
      50,
      51,
      53,
      61,
      63,
      65,
      71,
      81,
      83,
      84,
      93,
      95,
      96,
      103,
      104,
      105,
      106,
      108,
      110,
      111,
      112,
      114,
      117,
      123,
      124,
      125,
      126,
      127,
      128,
      129,
      130,
      131,
      132,
      133,
      134,
      136,
      137,
      138,
      139,
      140,
      141,
      144,
      153,
      158,
      160,
      165,
      182,
      183,
      187,
      190,
      191,
      192,
      193,
      194,
      199,
      200,
      201,
      202,
      204,
      205,
      206,
      207,
      209,
      210,
      211,
      212,
      214,
      215,
      216,
      217,
      218,
      219,
      220,
      221,
      222,
      223,
      224,
      227,
      228,
      230,
      238,
      239,
      243,
      245,
      248,
      249,
      253,
      255,
      287,
      303,
      307,
      318,
      319,
      321,
      336,
      337,
      338,
      339,
      340,
      341,
      342,
      343,
      346,
      347,
      348,
      349,
      350,
      351,
      352,
      353,
      354,
      356,
      357,
      360,
      363,
      364,
      365,
      371,
      374,
      375,
      376,
      378,
      380,
      381,
      382,
      384,
      402,
      405,
      408,
      409,
      411,
      412,
      413,
      417,
      418,
      419,
      420,
      421,
      422,
      424,
      425,
      429
    ],
    "topic_affinity_pct": {
      "0": 0.5185185185185185,
      "1": 0.813953488372093,
      "2": 0.08333333333333333,
      "3": 0.6470588235294118,
      "4": 0.7575757575757576,
      "5": 0.034482758620689655,
      "6": 0.3103448275862069,
      "7": 0.037037037037037035,
      "8": 0.037037037037037035,
      "9": 0.07407407407407407,
      "10": 0.5416666666666666,
      "11": 0.391304347826087,
      "12": 0.36363636363636365,
      "13": 0.047619047619047616,
      "14": 0.0
    },
    "delta_volume_pct": 0.0
  },
  "Inflation": {
    "volume": 193,
    "centrality": 1.0,
    "articles": [
      0,
      1,
      4,
      5,
      6,
      8,
      10,
      13,
      17,
      18,
      20,
      21,
      22,
      23,
      24,
      26,
      27,
      30,
      32,
      34,
      35,
      49,
      50,
      51,
      52,
      53,
      61,
      63,
      65,
      71,
      78,
      81,
      83,
      84,
      91,
      93,
      95,
      96,
      97,
      98,
      103,
      104,
      106,
      108,
      110,
      111,
      112,
      117,
      123,
      124,
      125,
      126,
      127,
      128,
      129,
      130,
      131,
      132,
      133,
      134,
      135,
      136,
      138,
      139,
      141,
      143,
      144,
      147,
      153,
      154,
      155,
      156,
      158,
      159,
      160,
      165,
      182,
      183,
      185,
      187,
      188,
      190,
      191,
      192,
      193,
      194,
      198,
      199,
      200,
      201,
      202,
      204,
      205,
      207,
      209,
      210,
      211,
      212,
      214,
      215,
      216,
      217,
      218,
      220,
      221,
      222,
      223,
      224,
      227,
      228,
      230,
      238,
      239,
      243,
      244,
      245,
      248,
      249,
      253,
      254,
      255,
      287,
      307,
      308,
      318,
      319,
      321,
      336,
      337,
      338,
      339,
      340,
      341,
      342,
      343,
      345,
      346,
      347,
      348,
      349,
      351,
      352,
      354,
      357,
      359,
      360,
      363,
      364,
      365,
      366,
      371,
      374,
      376,
      378,
      380,
      381,
      382,
      384,
      387,
      389,
      393,
      394,
      397,
      398,
      402,
      405,
      408,
      409,
      411,
      412,
      413,
      414,
      416,
      417,
      418,
      419,
      420,
      421,
      422,
      423,
      424,
      425,
      426,
      429,
      430,
      432,
      438,
      439,
      440,
      443,
      445,
      448,
      449
    ],
    "topic_affinity_pct": {
      "0": 0.6296296296296297,
      "1": 0.8837209302325582,
      "2": 0.08333333333333333,
      "3": 0.5588235294117647,
      "4": 0.7878787878787878,
      "5": 0.034482758620689655,
      "6": 0.41379310344827586,
      "7": 0.037037037037037035,
      "8": 0.037037037037037035,
      "9": 0.3333333333333333,
      "10": 0.7083333333333334,
      "11": 0.5652173913043478,
      "12": 0.36363636363636365,
      "13": 0.09523809523809523,
      "14": 0.42857142857142855
    },
    "delta_volume_pct": 0.0
  },
  "Private credit": {
    "volume": 135,
    "centrality": 0.8942598187311178,
    "articles": [
      0,
      2,
      5,
      6,
      26,
      27,
      32,
      35,
      49,
      61,
      65,
      81,
      82,
      84,
      96,
      103,
      106,
      108,
      109,
      110,
      111,
      112,
      114,
      117,
      120,
      121,
      123,
      130,
      132,
      133,
      134,
      137,
      138,
      141,
      143,
      144,
      145,
      149,
      151,
      152,
      154,
      155,
      157,
      158,
      159,
      160,
      165,
      176,
      181,
      182,
      183,
      184,
      185,
      187,
      190,
      191,
      192,
      193,
      194,
      196,
      198,
      199,
      204,
      205,
      208,
      211,
      212,
      216,
      217,
      219,
      222,
      223,
      227,
      228,
      230,
      238,
      239,
      242,
      248,
      249,
      252,
      308,
      313,
      339,
      345,
      346,
      347,
      349,
      350,
      351,
      352,
      353,
      354,
      356,
      357,
      358,
      359,
      362,
      363,
      364,
      365,
      366,
      367,
      368,
      369,
      370,
      371,
      372,
      373,
      374,
      375,
      376,
      378,
      380,
      382,
      387,
      388,
      389,
      391,
      398,
      402,
      403,
      405,
      407,
      408,
      409,
      412,
      413,
      417,
      420,
      425,
      426,
      428,
      438,
      443
    ],
    "topic_affinity_pct": {
      "0": 0.6851851851851852,
      "1": 0.32558139534883723,
      "2": 0.027777777777777776,
      "3": 0.6176470588235294,
      "4": 0.3333333333333333,
      "5": 0.0,
      "6": 0.06896551724137931,
      "7": 0.07407407407407407,
      "8": 0.07407407407407407,
      "9": 0.3333333333333333,
      "10": 0.375,
      "11": 0.6956521739130435,
      "12": 0.36363636363636365,
      "13": 0.0,
      "14": 0.14285714285714285
    },
    "delta_volume_pct": 0.0
  },
  "AI": {
    "volume": 51,
    "centrality": 0.1283987915407855,
    "articles": [
      258,
      386,
      388,
      389,
      267,
      21,
      406,
      279,
      410,
      283,
      414,
      31,
      415,
      291,
      164,
      293,
      166,
      294,
      295,
      41,
      169,
      296,
      297,
      298,
      175,
      303,
      304,
      305,
      52,
      309,
      183,
      56,
      312,
      313,
      316,
      317,
      446,
      191,
      448,
      449,
      201,
      88,
      93,
      96,
      103,
      109,
      367,
      243,
      122,
      253,
      383
    ],
    "topic_affinity_pct": {
      "0": 0.0,
      "1": 0.06976744186046512,
      "2": 0.6944444444444444,
      "3": 0.058823529411764705,
      "4": 0.0,
      "5": 0.13793103448275862,
      "6": 0.0,