{
  "Recessionary pressures": {
    "volume": 157,
    "centrality": 0.8924731182795699,
    "articles": [
      1,
      4,
      6,
      7,
      10,
      13,
      16,
      18,
      20,
      21,
      22,
      28,
      29,
      33,
      37,
      38,
      41,
      49,
      50,
      51,
      53,
      61,
      67,
      72,
      79,
      81,
      83,
      84,
      87,
      89,
      90,
      91,
      93,
      95,
      96,
      103,
      104,
      105,
      106,
      108,
      110,
      111,
      112,
      113,
      118,
      120,
      121,
      122,
      124,
      125,
      126,
      127,
      128,
      129,
      130,
      131,
      132,
      133,
      134,
      136,
      137,
      138,
      139,
      140,
      141,
      144,
      153,
      158,
      178,
      181,
      184,
      185,
      188,
      189,
      194,
      196,
      197,
      198,
      200,
      201,
      202,
      203,
      205,
      206,
      207,
      208,
      210,
      211,
      212,
      213,
      215,
      216,
      217,
      218,
      219,
      224,
      226,
      229,
      230,
      231,
      232,
      233,
      234,
      235,
      237,
      239,
      243,
      244,
      246,
      250,
      272,
      286,
      290,
      300,
      301,
      303,
      318,
      319,
      320,
      321,
      322,
      323,
      324,
      325,
      328,
      329,
      330,
      331,
      332,
      333,
      334,
      335,
      336,
      338,
      339,
      342,
      345,
      346,
      347,
      355,
      358,
      359,
      362,
      363,
      364,
      369,
      371,
      373,
      374,
      385,
      390,
      393,
      397,
      410,
      411,
      412,
      414
    ],
    "topic_affinity_pct": {
      "0": 0.65,
      "1": 0.3055555555555556,
      "2": 0.6111111111111112,
      "3": 0.8333333333333334,
      "4": 0.35294117647058826,
      "5": 0.16666666666666666,
      "6": 0.42857142857142855,
      "7": 0.0,
      "8": 0.03571428571428571,
      "9": 0.7407407407407407,
      "10": 0.037037037037037035,
      "11": 0.18518518518518517,
      "12": 0.05,
      "13": 0.5789473684210527,
      "14": 0.0
    },
    "delta_volume_pct": -2.484472049689441
  },
  "Inflation": {
    "volume": 190,
    "centrality": 1.0,
    "articles": [
      0,
      1,
      4,
      6,
      7,
      8,
      10,
      13,
      17,
      18,
      20,
      21,
      22,
      23,
      24,
      26,
      28,
      29,
      31,
      32,
      33,
      37,
      38,
      40,
      41,
      49,
      50,
      51,
      52,
      53,
      61,
      67,
      72,
      79,
      81,
      82,
      84,
      87,
      89,
      90,
      93,
      95,
      96,
      97,
      98,
      103,
      104,
      106,
      108,
      110,
      111,
      112,
      113,
      119,
      120,
      121,
      123,
      124,
      125,
      126,
      127,
      128,
      129,
      130,
      131,
      132,
      133,
      134,
      135,
      136,
      138,
      139,
      141,
      143,
      144,
      147,
      153,
      154,
      155,
      156,
      158,
      159,
      178,
      182,
      184,
      185,
      188,
      189,
      191,
      193,
      194,
      196,
      197,
      198,
      200,
      201,
      202,
      203,
      205,
      206,
      208,
      210,
      211,
      212,
      213,
      215,
      216,
      217,
      218,
      219,
      224,
      229,
      231,
      232,
      233,
      234,
      235,
      237,
      239,
      243,
      244,
      246,
      250,
      272,
      290,
      291,
      300,
      301,
      303,
      318,
      319,
      320,
      321,
      322,
      323,
      324,
      325,
      327,
      328,
      329,
      330,
      331,
      333,
      334,
      336,
      339,
      341,
      342,
      345,
      346,
      347,
      350,
      355,
      358,
      359,
      361,
      362,
      363,
      364,
      365,
      369,
      371,
      373,
      374,
      378,
      379,
      382,
      383,
      385,
      386,
      390,
      393,
      397,
      398,
      399,
      402,
      405,
      408,
      409,
      410,
      411,
      412,
      414,
      419,
      421,
      427,
      428,
      429,
      432,
      434
    ],
    "topic_affinity_pct": {
      "0": 0.65,
      "1": 0.3333333333333333,
      "2": 0.6388888888888888,
      "3": 0.8611111111111112,
      "4": 0.4411764705882353,
      "5": 0.13333333333333333,
      "6": 0.5357142857142857,
      "7": 0.0,
      "8": 0.07142857142857142,
      "9": 0.7777777777777778,
      "10": 0.2962962962962963,
      "11": 0.4444444444444444,
      "12": 0.15,
      "13": 0.5789473684210527,
      "14": 0.3684210526315789
    },
    "delta_volume_pct": -3.061224489795918
  },
  "Private credit": {
    "volume": 144,
    "centrality": 0.9078341013824884,
    "articles": [
      0,
      1,
      3,
      6,
      26,
      29,
      33,
      38,
      41,
      49,
      61,
      69,
      72,
      81,
      83,
      89,
      96,
      103,
      106,
      108,
      109,
      110,
      111,
      112,
      114,
      121,
      126,
      132,
      133,
      134,
      137,
      138,
      141,
      143,
      144,
      145,
      149,
      151,
      152,
      154,
      155,
      157,
      158,
      159,
      173,
      175,
      178,
      180,
      181,
      182,
      183,
      185,
      187,
      188,
      189,
      190,
      191,
      194,
      196,
      197,
      198,
      200,
      205,
      206,
      209,
      212,
      213,
      217,
      218,
      219,
      229,
      230,
      233,
      234,
      237,
      239,
      242,
      244,
      246,
      249,
      291,
      296,
      321,
      327,
      328,
      329,
      331,
      332,
      333,
      334,
      335,
      336,
      338,
      339,
      340,
      341,
      344,
      345,
      346,
      347,
      348,
      349,
      350,
      351,
      352,
      353,
      354,
      355,
      356,
      357,
      358,
      359,
      364,
      365,
      366,
      367,
      368,
      369,
      371,
      373,
      376,
      383,
      385,
      387,
      390,
      391,
      393,
      396,
      397,
      398,
      399,
      401,
      402,
      404,
      407,
      408,
      409,
      411,
      412,
      414,
      415,
      418,
      427,
      432
    ],
    "topic_affinity_pct": {
      "0": 0.175,
      "1": 0.3888888888888889,
      "2": 0.25,
      "3": 0.3888888888888889,
      "4": 0.7352941176470589,
      "5": 0.06666666666666667,
      "6": 0.7142857142857143,
      "7": 0.03571428571428571,
      "8": 0.07142857142857142,
      "9": 0.5925925925925926,
      "10": 0.18518518518518517,
      "11": 0.8148148148148148,
      "12": 0.05,
      "13": 0.15789473684210525,
      "14": 0.15789473684210525
    },
    "delta_volume_pct": -0.6896551724137931
  },
  "AI": {
    "volume": 48,
    "centrality": 0.16129032258064516,
    "articles": [
      261,
      262,
      7,
      263,
      264,
      394,
      268,
      276,
      21,
      278,
      279,
      280,
      281,
      405,
      28,
      413,
      286,
      287,
      288,
      161,
      162,
      292,
      295,
      296,
      299,
      174,
      177,
      52,
      180,
      181,
      56,
      189,
      66,
      197,
      202,
      84,
      89,
      93,
      223,
      96,
      351,
      358,
      103,
      109,
      366,
      243,
      250,
      252
    ],
    "topic_affinity_pct": {
      "0": 0.15,
      "1": 0.3055555555555556,
      "2": 0.0,
      "3": 0.0,
      "4": 0.0,
      "5": 0.43333333333333335,
      "6": 0.07142857142857142,
      "7": 0.32142857142857145,
      "8": 0.07142857142857142,
      "9": 0.0,